-- MySQL dump 10.13  Distrib 8.0.23, for Win64 (x86_64)
--
-- Host: k5f006.p.ssafy.io    Database: tip
-- ------------------------------------------------------
-- Server version	8.0.27

/*!40101 SET @OLD_CHARACTER_SET_CLIENT=@@CHARACTER_SET_CLIENT */;
/*!40101 SET @OLD_CHARACTER_SET_RESULTS=@@CHARACTER_SET_RESULTS */;
/*!40101 SET @OLD_COLLATION_CONNECTION=@@COLLATION_CONNECTION */;
/*!50503 SET NAMES utf8 */;
/*!40103 SET @OLD_TIME_ZONE=@@TIME_ZONE */;
/*!40103 SET TIME_ZONE='+00:00' */;
/*!40014 SET @OLD_UNIQUE_CHECKS=@@UNIQUE_CHECKS, UNIQUE_CHECKS=0 */;
/*!40014 SET @OLD_FOREIGN_KEY_CHECKS=@@FOREIGN_KEY_CHECKS, FOREIGN_KEY_CHECKS=0 */;
/*!40101 SET @OLD_SQL_MODE=@@SQL_MODE, SQL_MODE='NO_AUTO_VALUE_ON_ZERO' */;
/*!40111 SET @OLD_SQL_NOTES=@@SQL_NOTES, SQL_NOTES=0 */;

--
-- Table structure for table `alarm`
--

DROP TABLE IF EXISTS `alarm`;
/*!40101 SET @saved_cs_client     = @@character_set_client */;
/*!50503 SET character_set_client = utf8mb4 */;
CREATE TABLE `alarm` (
  `id` varchar(13) COLLATE utf8mb4_unicode_ci NOT NULL,
  `content` varchar(1000) COLLATE utf8mb4_unicode_ci NOT NULL,
  `is_show` tinyint DEFAULT NULL,
  `member_id` varchar(13) COLLATE utf8mb4_unicode_ci NOT NULL,
  `todo_id` varchar(13) COLLATE utf8mb4_unicode_ci NOT NULL,
  `reg_date` datetime DEFAULT CURRENT_TIMESTAMP,
  PRIMARY KEY (`id`),
  KEY `fk_alarm_member1_idx` (`member_id`),
  KEY `fk_alarm_todo1_idx` (`todo_id`),
  CONSTRAINT `fk_alarm_member1` FOREIGN KEY (`member_id`) REFERENCES `member` (`id`),
  CONSTRAINT `fk_alarm_todo1` FOREIGN KEY (`todo_id`) REFERENCES `todo` (`id`)
) ENGINE=InnoDB DEFAULT CHARSET=utf8mb4 COLLATE=utf8mb4_unicode_ci;
/*!40101 SET character_set_client = @saved_cs_client */;

--
-- Dumping data for table `alarm`
--

LOCK TABLES `alarm` WRITE;
/*!40000 ALTER TABLE `alarm` DISABLE KEYS */;
INSERT INTO `alarm` VALUES ('0006223522203','팀간 할일 이동시 담당자 초기화 : 조용일님께서 상태를 접수에서 완료(으)로 변경했습니다.',1,'2117918503209','4849271755335','2021-11-15 08:36:50'),('0025753796637','내 할일 필터 수정: 조성표님께서 내 할일 필터 수정의 상세 정보를 생성했습니다.',1,'0661773006185','2542585693467','2021-11-16 13:56:16'),('0034693020644','test3 : 조용일님께서 해당 할일의 팀을 Frontend에서 Backend(으)로 변경했습니다.',1,'0661773006185','1231231231233','2021-11-16 16:50:46'),('0198774368451','내 할일 페이지에서 할일 추가: 최준오님께서 내 할일 페이지에서 할일 추가의 상세 정보를 생성했습니다.',0,'5759455600501','8675258139746','2021-11-17 14:25:23'),('0213801073292','test5 : 조용일님께서 상태를 진행하지않음에서 접수(으)로 변경했습니다.',1,'2117918503209','1231231231235','2021-11-16 16:53:13'),('0237398241427','test3 : 해당 할일의 팀이 Backend에서 Frontend(으)로 변경되었습니다.',1,'0661773006185','1231231231233','2021-11-16 16:53:59'),('0251334878732','상세 페이지 이미지 오류 해결 : 최준오님께서 상태를 진행에서 완료(으)로 변경했습니다.',0,'1801457891955','1108039986951','2021-11-15 08:27:42'),('0379271484910','Team Add : 조용일님께서 상태를 접수에서 진행(으)로 변경했습니다.',0,'2117918503209','0605106083805','2021-11-18 10:23:28'),('0401170110086','상세 추가 알림 : 최준오님께서 상태를 진행에서 완료(으)로 변경했습니다.',0,'1801457891955','8252315369921','2021-11-15 08:13:24'),('0445006065195','로그아웃 페이지 수정 : 조성표님께서 상태를 접수에서 진행(으)로 변경했습니다.',1,'0661773006185','4407241190477','2021-11-15 08:18:41'),('0606605809856','test4 : 해당 할일의 팀이 Frontend에서 Backend(으)로 변경되었습니다.',0,'0661773006185','1231231231234','2021-11-16 17:14:20'),('0636842683633','test4 : 해당 할일의 팀이 QA에서 Backend(으)로 변경되었습니다.',1,'0661773006185','1231231231234','2021-11-16 16:55:30'),('0638649524759','test4 : 조성표님께서 상태를 접수에서 진행(으)로 변경했습니다.',0,'1801457891955','1231231231234','2021-11-16 16:51:43'),('0750312515523','상세 페이지 이미지 오류 해결 : 최준오님께서 상태를 완료에서 진행(으)로 변경했습니다.',0,'1801457891955','1108039986951','2021-11-15 08:30:30'),('0814143243123','My Todo Page : 최광진님께서 상태를 진행에서 완료(으)로 변경했습니다.',0,'5759455600501','1306190276890','2021-11-18 00:14:16'),('0879252258662','팀 페이지 필터 및 즐겨찾기 적용 : 최광진님께서 상태를 완료에서 진행(으)로 변경했습니다.',0,'5759455600501','2738905279381','2021-11-17 22:31:54'),('0966259851447','test5 : 조용일님께서 상태를 진행하지않음에서 접수(으)로 변경했습니다.',0,'1801457891955','1231231231235','2021-11-16 16:53:13'),('0977271211615','My Todo Page : 최광진님께서 상태를 완료에서 진행(으)로 변경했습니다.',0,'5759455600501','1306190276890','2021-11-18 00:14:15'),('0997333685376','상세 페이지 이미지 오류 해결 : 최준오님께서 상태를 진행에서 완료(으)로 변경했습니다.',0,'1801457891955','1108039986951','2021-11-15 08:30:32'),('1113270270890','내 할일 필터 수정 : 조성표님께서 상태를 완료에서 진행(으)로 변경했습니다.',1,'0661773006185','2542585693467','2021-11-16 13:53:45'),('1173096338913','My Todo Page : 최광진님께서 상태를 완료에서 진행(으)로 변경했습니다.',0,'2117918503209','1306190276890','2021-11-18 00:14:15'),('1199902934270','test3 : 조용일님께서 상태를 접수에서 완료(으)로 변경했습니다.',1,'2117918503209','1231231231233','2021-11-17 16:29:34'),('1316798523234','Team Add : 최준오님께서 상태를 접수에서 완료(으)로 변경했습니다.',0,'1801457891955','0605106083805','2021-11-17 16:23:38'),('1327847757321','팀 할일 페이지 보내기 디폴트값 설정 : 최광진님께서 상태를 접수에서 진행(으)로 변경했습니다.',0,'5759455600501','1822011319614','2021-11-16 10:00:43'),('1438892049548','Team Todo Page : 최신입님께서 상태를 접수에서 완료(으)로 변경했습니다.',0,'2117918503209','8002087527736','2021-11-17 16:40:22'),('1540889702450','test4 : 해당 할일의 팀이 Frontend에서 Backend(으)로 변경되었습니다.',0,'1801457891955','1231231231234','2021-11-16 17:14:14'),('1551185245647','test4 : 해당 할일의 팀이 Backend에서 Frontend(으)로 변경되었습니다.',0,'1801457891955','1231231231234','2021-11-16 17:14:10'),('1567137269399','로그아웃 페이지 수정 : 조성표님께서 상태를 접수에서 진행(으)로 변경했습니다.',1,'0661773006185','4407241190477','2021-11-15 08:18:45'),('1572903638707','test2 : 해당 할일의 팀이 테스트에서 Frontend(으)로 변경되었습니다.',1,'2117918503209','1231231231232','2021-11-16 16:54:03'),('1609167767250','로그아웃 페이지 수정 : 조성표님께서 상태를 진행에서 접수(으)로 변경했습니다.',1,'0661773006185','4407241190477','2021-11-15 08:18:46'),('1649191085076','My Todo Page : 최광진님께서 상태를 접수에서 진행(으)로 변경했습니다.',0,'5759455600501','1306190276890','2021-11-18 00:33:10'),('1726523086053','test4 : 최광진님께서 해당 할일의 팀을 QA에서 Frontend(으)로 변경했습니다.',0,'1801457891955','1231231231234','2021-11-16 16:50:42'),('2016801149604','상세 페이지 이미지 오류 해결 : 최준오님께서 상태를 진행에서 접수(으)로 변경했습니다.',0,'1801457891955','1108039986951','2021-11-15 08:30:46'),('2254461245189','test4 : 해당 할일의 팀이 Backend에서 Frontend(으)로 변경되었습니다.',0,'1801457891955','1231231231234','2021-11-16 17:14:18'),('2317702763901','Team Add : 해당 할일의 팀이 QA에서 Backend(으)로 변경되었습니다.\n할일의 담당자가 조용일님으로 변경되었습니다.',0,'2117918503209','0605106083805','2021-11-18 14:47:37'),('2322434392841','할일추가test : 조용일님께서 상태를 진행에서 완료(으)로 변경했습니다.',1,'2117918503209','4611964838058','2021-11-16 16:53:16'),('2344017884050','Team Todo Page : 조용일님께서 상태를 접수에서 진행(으)로 변경했습니다.',0,'2117918503209','8002087527736','2021-11-17 16:53:29'),('2374761581067','내 할일 페이지에서 할일 추가: 최준오님께서 내 할일 페이지에서 할일 추가의 상세 정보를 생성했습니다.',0,'1801457891955','8675258139746','2021-11-17 14:25:23'),('2376030081831','My Todo Page: 최신입님께서 My Todo Page의 상세 정보를 생성했습니다.',0,'5759455600501','1306190276890','2021-11-18 00:06:28'),('2464726125738','할일추가test : 조용일님께서 상태를 완료에서 진행(으)로 변경했습니다.',1,'2117918503209','4611964838058','2021-11-16 16:53:03'),('2558962044270','내 할일 페이지에서 할일 추가 : 최준오님께서 상태를 완료에서 진행(으)로 변경했습니다.',0,'5759455600501','8675258139746','2021-11-15 08:05:46'),('2617029142855','할일추가test : 조용일님께서 상태를 접수에서 완료(으)로 변경했습니다.',1,'2117918503209','4611964838058','2021-11-16 16:52:58'),('2673917061953','test4 : 해당 할일의 팀이 Frontend에서 Backend(으)로 변경되었습니다.',0,'0661773006185','1231231231234','2021-11-16 17:14:59'),('2730343027587','test3 : 조용일님께서 상태를 접수에서 완료(으)로 변경했습니다.',0,'1801457891955','1231231231233','2021-11-17 16:29:34'),('2790419372019','Stomp 전체 수정 : 조용일님께서 상태를 접수에서 완료(으)로 변경했습니다.',1,'2117918503209','5237450407311','2021-11-16 13:32:32'),('2851282883915','상세 페이지 이미지 오류 해결 : 최준오님께서 상태를 접수에서 진행(으)로 변경했습니다.',0,'1801457891955','1108039986951','2021-11-15 08:32:02'),('2853993730737','할일추가 test2 : 조용일님께서 상태를 진행에서 완료(으)로 변경했습니다.',1,'2117918503209','9088780227914','2021-11-16 16:53:25'),('2874807432493','test2 : 최준오님께서 해당 할일의 팀을 Backend에서 테스트(으)로 변경했습니다.',0,'5759455600501','1231231231232','2021-11-15 20:34:30'),('2919543819018','My Todo Page : 최광진님께서 상태를 접수에서 진행(으)로 변경했습니다.',0,'2117918503209','1306190276890','2021-11-18 00:33:10'),('2939593513210','My Todo Page : 최신입님께서 상태를 접수에서 진행(으)로 변경했습니다.',1,'5149012791273','1306190276890','2021-11-17 15:45:06'),('2946637101759','My Todo Page : 최신입님께서 해당 할일의 팀을 디자인에서 Backend(으)로 변경했습니다.\n할일의 담당자가 최신입님에서 최광진님으로 변경되었습니다.',0,'2117918503209','1306190276890','2021-11-17 16:39:22'),('2950260072461','test4 : 해당 할일의 팀이 Backend에서 Frontend(으)로 변경되었습니다.',0,'1801457891955','1231231231234','2021-11-16 17:14:15'),('3091324045755','test4 : 해당 할일의 팀이 Frontend에서 Backend(으)로 변경되었습니다.',0,'0661773006185','1231231231234','2021-11-16 17:14:14'),('3112987901399','로그아웃 페이지 수정 : 조성표님께서 상태를 접수에서 진행(으)로 변경했습니다.',1,'0661773006185','4407241190477','2021-11-15 08:18:47'),('3209629478279','Todo Add : 최준오님께서 상태를 접수에서 진행(으)로 변경했습니다.',0,'1801457891955','6487380618245','2021-11-17 16:23:42'),('3409676537628','My Todo Page : 최광진님께서 상태를 진행에서 접수(으)로 변경했습니다.',0,'5759455600501','1306190276890','2021-11-17 23:52:09'),('3413420713194','test4 : 조성표님께서 상태를 접수에서 진행(으)로 변경했습니다.',1,'0661773006185','1231231231234','2021-11-16 16:51:43'),('3498796411653','My Todo Page : 최광진님께서 상태를 접수에서 진행(으)로 변경했습니다.',0,'5759455600501','1306190276890','2021-11-17 23:51:35'),('3554627930187','프로젝트 수정 기능 추가 : 최광진님께서 상태를 완료에서 진행하지않음(으)로 변경했습니다.',0,'5759455600501','3297208093431','2021-11-17 22:31:50'),('3571291446851','My Todo Page : 최광진님께서 상태를 진행에서 접수(으)로 변경했습니다.',0,'5759455600501','1306190276890','2021-11-18 00:33:15'),('3599858707913','알림페이지 : 조성표님께서 상태를 접수에서 완료(으)로 변경했습니다.',0,'0661773006185','3356277371571','2021-11-16 18:46:11'),('3625562696519','내 할일 추가 tcp : 조용일님께서 상태를 진행에서 완료(으)로 변경했습니다.',1,'2117918503209','7178540592827','2021-11-16 13:36:17'),('3665273274804','내 할일 추가 tcp : 조용일님께서 상태를 접수에서 진행(으)로 변경했습니다.',1,'2117918503209','7178540592827','2021-11-16 13:31:50'),('3762803558386','test3 : 조용일님께서 해당 할일의 팀을 Frontend에서 Backend(으)로 변경했습니다.',0,'1801457891955','1231231231233','2021-11-16 16:50:46'),('3790219968005','test4 : 해당 할일의 팀이 Backend에서 Frontend(으)로 변경되었습니다.',0,'0661773006185','1231231231234','2021-11-16 17:14:10'),('3793353816262','test4 : 최광진님께서 해당 할일의 팀을 QA에서 Frontend(으)로 변경했습니다.',1,'0661773006185','1231231231234','2021-11-16 16:50:42'),('3878527124508','할일추가 test2 : 조용일님께서 상태를 접수에서 완료(으)로 변경했습니다.',1,'2117918503209','9088780227914','2021-11-16 16:53:14'),('3879489957063','My Todo Page : 최신입님께서 해당 할일의 팀을 디자인에서 Backend(으)로 변경했습니다.',1,'2117918503209','1306190276890','2021-11-17 16:39:00'),('3965466002083','test4 : 해당 할일의 팀이 Backend에서 Frontend(으)로 변경되었습니다.',0,'0661773006185','1231231231234','2021-11-16 17:14:56'),('4039812272187','내 할일 필터 수정 : 조성표님께서 상태를 진행에서 완료(으)로 변경했습니다.',1,'0661773006185','2542585693467','2021-11-16 13:53:48'),('4065774580219','test4 : 해당 할일의 팀이 Frontend에서 Backend(으)로 변경되었습니다.',0,'1801457891955','1231231231234','2021-11-16 17:14:55'),('4096793125998','할일이 바로 나오나요? : 최준오님께서 상태를 접수에서 진행하지않음(으)로 변경했습니다.',0,'1801457891955','7609392917795','2021-11-15 20:17:37'),('4151659648410','test2 : 최준오님께서 해당 할일의 팀을 Backend에서 테스트(으)로 변경했습니다.',1,'2117918503209','1231231231232','2021-11-15 20:34:30'),('4194081000796','test4 : 해당 할일의 팀이 Frontend에서 Backend(으)로 변경되었습니다.\n할일의 담당자가 조성표님으로 변경되었습니다.',0,'1801457891955','1231231231234','2021-11-16 16:51:42'),('4293173385323','History format 수정 : 조용일님께서 상태를 접수에서 완료(으)로 변경했습니다.',1,'2117918503209','9548989564537','2021-11-15 08:36:36'),('4363351641377','로그아웃 페이지 수정 : 조성표님께서 상태를 진행에서 접수(으)로 변경했습니다.',1,'0661773006185','4407241190477','2021-11-15 08:18:44'),('4537215146369','My Todo Page : 최광진님께서 상태를 진행에서 접수(으)로 변경했습니다.',0,'2117918503209','1306190276890','2021-11-18 00:31:57'),('4581351769482','프로젝트 수정 기능 추가 : 최광진님께서 상태를 접수에서 완료(으)로 변경했습니다.',0,'5759455600501','3297208093431','2021-11-16 17:06:55'),('4588878505524','필터 : 최광진님께서 상태를 접수에서 진행(으)로 변경했습니다.',0,'5759455600501','0833441522181','2021-11-17 16:21:04'),('4619771640104','My Todo Page : 최광진님께서 상태를 진행에서 접수(으)로 변경했습니다.',0,'2117918503209','1306190276890','2021-11-18 00:33:15'),('4620332778524','test4 : 해당 할일의 팀이 Frontend에서 Backend(으)로 변경되었습니다.',0,'0661773006185','1231231231234','2021-11-16 17:14:23'),('4670484591761','내 할일 페이지에서 할일 추가: 최준오님께서 내 할일 페이지에서 할일 추가의 상세 정보를 생성했습니다.',0,'5759455600501','8675258139746','2021-11-17 14:31:03'),('4702202108347','History format 수정 : 조용일님께서 상태를 완료에서 진행(으)로 변경했습니다.',1,'2117918503209','9548989564537','2021-11-15 08:36:41'),('4761416093001','알림페이지 : 해당 할일의 팀이 최준오에서 조성표(으)로 변경되었습니다.\n할일의 담당자가 조성표님으로 변경되었습니다.',0,'0661773006185','3356277371571','2021-11-16 18:46:09'),('4907989347941','My Todo Page : 최광진님께서 상태를 접수에서 진행(으)로 변경했습니다.',0,'5759455600501','1306190276890','2021-11-18 00:04:43'),('4908565576731','My Todo Page : 최광진님께서 상태를 접수에서 진행(으)로 변경했습니다.',0,'2117918503209','1306190276890','2021-11-18 00:04:43'),('4917215282823','Team Todo Page : 최신입님께서 상태를 접수에서 완료(으)로 변경했습니다.',1,'5149012791273','8002087527736','2021-11-17 16:40:22'),('4919312318879','test4 : 해당 할일의 팀이 Frontend에서 Backend(으)로 변경되었습니다.\n할일의 담당자가 조성표님으로 변경되었습니다.',1,'0661773006185','1231231231234','2021-11-16 16:51:42'),('4987115063447','test4 : 해당 할일의 팀이 Frontend에서 Backend(으)로 변경되었습니다.',0,'1801457891955','1231231231234','2021-11-16 17:14:23'),('5059025651429','My Todo Page : 최광진님께서 상태를 접수에서 진행(으)로 변경했습니다.',0,'2117918503209','1306190276890','2021-11-17 23:51:35'),('5093506596064','test : 최광진님께서 상태를 접수에서 New(으)로 변경했습니다.',0,'5759455600501','3004817931969','2021-11-16 10:05:24'),('5110394618674','test4 : 해당 할일의 팀이 Frontend에서 Backend(으)로 변경되었습니다.',0,'1801457891955','1231231231234','2021-11-16 17:14:59'),('5159210450028','test3 : 조용일님께서 상태를 접수에서 완료(으)로 변경했습니다.',0,'0661773006185','1231231231233','2021-11-17 16:29:34'),('5219774168383','알림페이지 : 조성표님께서 상태를 완료에서 진행(으)로 변경했습니다.',0,'0661773006185','3356277371571','2021-11-16 18:46:16'),('5282562169823','Team Add : 해당 할일의 팀이 QA에서 Backend(으)로 변경되었습니다.\n할일의 담당자가 조용일님으로 변경되었습니다.',0,'2117918503209','0605106083805','2021-11-18 14:47:51'),('5410908953063','My Todo Page : 최광진님께서 상태를 완료에서 진행(으)로 변경했습니다.',0,'5759455600501','1306190276890','2021-11-18 00:18:49'),('5476689873485','test3 : 해당 할일의 팀이 Backend에서 Frontend(으)로 변경되었습니다.',0,'1801457891955','1231231231233','2021-11-16 16:53:59'),('5507530439131','test4 : 해당 할일의 팀이 Frontend에서 Backend(으)로 변경되었습니다.',0,'1801457891955','1231231231234','2021-11-16 17:14:16'),('5533440423423','My Todo Page: 최신입님께서 My Todo Page의 상세 정보를 생성했습니다.',0,'2117918503209','1306190276890','2021-11-18 00:06:28'),('5534295809767','Team Move Modal : 최광진님께서 해당 할일의 팀을 Backend에서 디자인(으)로 변경했습니다.',0,'2117918503209','8093188283936','2021-11-18 11:02:57'),('5617856007228','My Todo Page: 최신입님께서 My Todo Page의 상세 정보를 생성했습니다.',0,'5759455600501','1306190276890','2021-11-17 23:52:42'),('5642722430440','할일추가 test2 : 조용일님께서 상태를 완료에서 진행(으)로 변경했습니다.',1,'2117918503209','9088780227914','2021-11-16 16:56:25'),('5725322776143','My Todo Page : 최신입님께서 상태를 진행에서 완료(으)로 변경했습니다.',1,'5149012791273','1306190276890','2021-11-17 15:45:07'),('5784863646471','My Todo Page : 최광진님께서 상태를 진행에서 완료(으)로 변경했습니다.',0,'5759455600501','1306190276890','2021-11-18 00:06:44'),('5800083668520','test : 최광진님께서 해당 할일의 팀을 Frontend에서 테스트(으)로 변경했습니다.',0,'5759455600501','3004817931969','2021-11-16 16:53:34'),('5821744557700','test4 : 해당 할일의 팀이 Backend에서 Frontend(으)로 변경되었습니다.',0,'0661773006185','1231231231234','2021-11-16 17:14:21'),('5829819359126','test4 : 해당 할일의 팀이 QA에서 Backend(으)로 변경되었습니다.',0,'1801457891955','1231231231234','2021-11-16 16:55:30'),('5835703245360','팀 할일 페이지 보내기 디폴트값 설정 : 최광진님께서 상태를 완료에서 진행(으)로 변경했습니다.',0,'5759455600501','1822011319614','2021-11-17 22:31:39'),('5860572136125','My Todo Page : 최광진님께서 상태를 진행에서 접수(으)로 변경했습니다.',0,'2117918503209','1306190276890','2021-11-17 23:52:09'),('5945911352869','내 할일 페이지에서 할일 추가 : 최준오님께서 상태를 진행에서 완료(으)로 변경했습니다.',0,'1801457891955','8675258139746','2021-11-15 08:05:47'),('5969838128860','test2 : 해당 할일의 팀이 테스트에서 Frontend(으)로 변경되었습니다.',0,'1801457891955','1231231231232','2021-11-16 16:54:03'),('5990357511499','My Todo Page : 해당 할일의 팀이 Backend에서 디자인(으)로 변경되었습니다.\n할일의 담당자가 최신입님으로 변경되었습니다.',1,'5149012791273','1306190276890','2021-11-17 16:39:06'),('6029849996852','test : 할일의 담당자가 최광진님에서 최광진님으로 변경되었습니다.',0,'5759455600501','3004817931969','2021-11-16 10:04:55'),('6069724275969','test4 : 해당 할일의 팀이 Frontend에서 Backend(으)로 변경되었습니다.',0,'0661773006185','1231231231234','2021-11-16 17:14:16'),('6111769143174','test4 : 해당 할일의 팀이 Backend에서 Frontend(으)로 변경되었습니다.',0,'0661773006185','1231231231234','2021-11-16 17:14:15'),('6142849065184','test : 최광진님께서 상태를 접수에서 New(으)로 변경했습니다.',0,'5759455600501','3004817931969','2021-11-16 10:04:31'),('6392232139945','Project List : 조성표님께서 상태를 접수에서 진행(으)로 변경했습니다.',0,'0661773006185','6652945752291','2021-11-17 16:24:41'),('6443858385967','My Todo Page: 최신입님께서 My Todo Page의 상세 정보를 생성했습니다.',1,'5149012791273','1306190276890','2021-11-17 15:52:40'),('6476553687559','상세 페이지 이미지 오류 해결: 최준오님께서 상세 페이지 이미지 오류 해결의 상세 정보를 생성했습니다.',0,'1801457891955','1108039986951','2021-11-15 08:30:14'),('6537685606118','test : 할일의 담당자가 조용일님에서 조용일님으로 변경되었습니다.',1,'2117918503209','3004817931969','2021-11-16 10:03:58'),('6674980254839','팀 할일 페이지 New Todo 로직 수정 : 조용일님께서 상태를 접수에서 완료(으)로 변경했습니다.',1,'2117918503209','3014468354850','2021-11-15 08:36:47'),('6695776091635','상세 페이지 이미지 오류 해결 : 최준오님께서 상태를 완료에서 진행(으)로 변경했습니다.',0,'1801457891955','1108039986951','2021-11-15 08:30:45'),('6788671711445','My Todo Page: 최신입님께서 My Todo Page의 상세 정보를 생성했습니다.',0,'2117918503209','1306190276890','2021-11-17 23:52:42'),('6807615605971','하이 : 최광진님께서 해당 할일의 팀을 QA에서 인사(으)로 변경했습니다.',0,'5759455600501','8030622561490','2021-11-16 16:50:33'),('6844002837382','test4 : 해당 할일의 팀이 Frontend에서 Backend(으)로 변경되었습니다.',0,'0661773006185','1231231231234','2021-11-16 17:14:55'),('6873990969735','test2 : 최준오님께서 해당 할일의 팀을 Backend에서 테스트(으)로 변경했습니다.',1,'0661773006185','1231231231232','2021-11-15 20:34:30'),('6947942069345','test4 : 해당 할일의 팀이 Backend에서 Frontend(으)로 변경되었습니다.',0,'1801457891955','1231231231234','2021-11-16 17:14:56'),('6997868983708','test3 : 해당 할일의 팀이 Backend에서 Frontend(으)로 변경되었습니다.',0,'5759455600501','1231231231233','2021-11-16 16:53:59'),('7025372128499','New Todo 이동 로직 수정 : 조용일님께서 상태를 접수에서 진행(으)로 변경했습니다.',1,'2117918503209','5484009169815','2021-11-15 08:36:46'),('7026975982915','팀 할일 페이지 보내기 디폴트값 설정 : 최광진님께서 상태를 진행에서 완료(으)로 변경했습니다.',0,'5759455600501','1822011319614','2021-11-16 18:18:31'),('7055432956862','내 할일 페이지에서 할일 추가 : 최준오님께서 상태를 진행에서 완료(으)로 변경했습니다.',0,'5759455600501','8675258139746','2021-11-15 08:05:47'),('7080508314586','헤더 지금 위치 클릭시 오류 : 최준오님께서 상태를 진행에서 완료(으)로 변경했습니다.',0,'1801457891955','0470962531097','2021-11-15 20:13:31'),('7172316741912','History format 수정 : 조용일님께서 상태를 진행에서 완료(으)로 변경했습니다.',1,'2117918503209','9548989564537','2021-11-16 13:31:40'),('7191586991452','상세 페이지에서 New로 변경 시 기능 테스트 : 조용일님께서 상태를 접수에서 완료(으)로 변경했습니다.',1,'2117918503209','9123310445076','2021-11-16 13:31:52'),('7209471294555','Team Add : 해당 할일의 팀이 Backend에서 QA(으)로 변경되었습니다.\n할일의 담당자가 최준오님으로 변경되었습니다.',0,'1801457891955','0605106083805','2021-11-18 14:47:28'),('7277879375982','test4 : 해당 할일의 팀이 Backend에서 Frontend(으)로 변경되었습니다.',0,'0661773006185','1231231231234','2021-11-16 17:14:53'),('7300210590377','상세 페이지 이미지 오류 해결 : 최준오님께서 상태를 진행에서 완료(으)로 변경했습니다.',0,'1801457891955','1108039986951','2021-11-15 08:32:03'),('7395732332523','Team Move Modal : 최신입님께서 해당 할일의 팀을 디자인에서 Backend(으)로 변경했습니다.',1,'2117918503209','8093188283936','2021-11-17 15:45:53'),('7425388792497','test4 : 조성표님께서 해당 할일의 팀을 Backend에서 QA(으)로 변경했습니다.',0,'1801457891955','1231231231234','2021-11-16 16:54:23'),('7518998346871','New Todo 이동 로직 수정 : 조용일님께서 상태를 진행에서 완료(으)로 변경했습니다.',1,'2117918503209','5484009169815','2021-11-16 13:31:47'),('7939091879564','My Todo Page : 최광진님께서 상태를 완료에서 진행(으)로 변경했습니다.',0,'2117918503209','1306190276890','2021-11-18 00:18:49'),('7947177356969','헤더 지금 위치 클릭시 오류 : 최준오님께서 상태를 접수에서 진행(으)로 변경했습니다.',0,'1801457891955','0470962531097','2021-11-15 08:47:35'),('7986964707639','test3 : 조용일님께서 상태를 접수에서 완료(으)로 변경했습니다.',0,'5759455600501','1231231231233','2021-11-17 16:29:34'),('8225116062223','My Todo Page: 조용일님께서 My Todo Page의 상세 정보를 생성했습니다.',1,'5149012791273','1306190276890','2021-11-17 15:49:03'),('8315685393755','test2 : 최준오님께서 해당 할일의 팀을 Backend에서 테스트(으)로 변경했습니다.',0,'1801457891955','1231231231232','2021-11-15 20:34:30'),('8318906873684','test4 : 조성표님께서 해당 할일의 팀을 Backend에서 QA(으)로 변경했습니다.',1,'0661773006185','1231231231234','2021-11-16 16:54:23'),('8462014410706','내 할일 페이지에서 할일 추가 : 최준오님께서 상태를 완료에서 진행(으)로 변경했습니다.',0,'1801457891955','8675258139746','2021-11-15 08:05:46'),('8514642551224','test : 최광진님께서 상태를 접수에서 진행(으)로 변경했습니다.',0,'5759455600501','3004817931969','2021-11-16 16:52:45'),('8546053902907','test2 : 해당 할일의 팀이 테스트에서 Frontend(으)로 변경되었습니다.',0,'5759455600501','1231231231232','2021-11-16 16:54:03'),('8596095324913','할일추가test : 해당 할일의 팀이 테스트에서 Frontend(으)로 변경되었습니다.\n할일의 담당자가 조용일님으로 변경되었습니다.',1,'2117918503209','4611964838058','2021-11-16 13:35:09'),('8622775629769','할일추가 test2 : 조용일님께서 상태를 완료에서 진행(으)로 변경했습니다.',1,'2117918503209','9088780227914','2021-11-16 16:53:15'),('8716037768157','My Todo Page : 최광진님께서 상태를 진행에서 완료(으)로 변경했습니다.',0,'2117918503209','1306190276890','2021-11-18 00:06:44'),('8717486158365','My Todo Page : 해당 할일의 팀이 Backend에서 디자인(으)로 변경되었습니다.\n할일의 담당자가 최신입님으로 변경되었습니다.',1,'2117918503209','1306190276890','2021-11-17 16:39:06'),('8743818393107','My Todo Page : 최광진님께서 상태를 진행에서 완료(으)로 변경했습니다.',0,'2117918503209','1306190276890','2021-11-18 00:14:16'),('8757486111459','Team Todo Page : 최신입님께서 해당 할일의 팀을 디자인에서 Backend(으)로 변경했습니다.\n할일의 담당자가 최신입님에서 조용일님으로 변경되었습니다.',0,'2117918503209','8002087527736','2021-11-17 16:53:20'),('8819364685531','할일추가 test2 : 조용일님께서 상태를 진행에서 완료(으)로 변경했습니다.',1,'2117918503209','9088780227914','2021-11-17 16:29:35'),('8928927122166','My Todo Page : 최광진님께서 상태를 진행에서 접수(으)로 변경했습니다.',0,'5759455600501','1306190276890','2021-11-18 00:31:57'),('8934347462995','test : 할일의 담당자가 조용일님에서 최광진님으로 변경되었습니다.',0,'5759455600501','3004817931969','2021-11-16 10:05:18'),('8947771895224','상세 추가 히스토리 내용 수정 : 최준오님께서 상태를 접수에서 완료(으)로 변경했습니다.',0,'1801457891955','7116670400763','2021-11-17 14:51:26'),('8999561502745','내 할일 수정: 조성표님께서 내 할일 수정의 상세 정보를 생성했습니다.',1,'0661773006185','4262938499100','2021-11-17 14:25:10'),('9000733482149','My Todo Page : 최신입님께서 해당 할일의 팀을 디자인에서 Backend(으)로 변경했습니다.\n할일의 담당자가 최신입님에서 최광진님으로 변경되었습니다.',0,'5759455600501','1306190276890','2021-11-17 16:39:22'),('9011457000511','내 할일 페이지에서 할일 추가: 최준오님께서 내 할일 페이지에서 할일 추가의 상세 정보를 생성했습니다.',0,'1801457891955','8675258139746','2021-11-17 14:31:03'),('9012287651543','내 할일 필터 수정 : 조성표님께서 상태를 접수에서 완료(으)로 변경했습니다.',0,'0661773006185','2542585693467','2021-11-17 10:59:14'),('9144446471957','test3 : 조용일님께서 해당 할일의 팀을 Frontend에서 Backend(으)로 변경했습니다.',0,'5759455600501','1231231231233','2021-11-16 16:50:46'),('9176615767833','test : 할일의 담당자가 최광진님에서 최광진님으로 변경되었습니다.',0,'5759455600501','3004817931969','2021-11-16 10:06:09'),('9206362704408','test4 : 해당 할일의 팀이 Frontend에서 Backend(으)로 변경되었습니다.',0,'1801457891955','1231231231234','2021-11-16 17:14:20'),('9337493293785','test6 : 최광진님께서 해당 할일의 팀을 QA에서 Backend(으)로 변경했습니다.',0,'1801457891955','1231231231236','2021-11-16 16:54:02'),('9399764614299','test2 : 해당 할일의 팀이 테스트에서 Frontend(으)로 변경되었습니다.',1,'0661773006185','1231231231232','2021-11-16 16:54:03'),('9447643191802','test : 최광진님께서 상태를 접수에서 New(으)로 변경했습니다.',0,'5759455600501','3004817931969','2021-11-16 10:04:57'),('9502373016365','test5 : 조용일님께서 해당 할일의 팀을 Frontend에서 QA(으)로 변경했습니다.',0,'1801457891955','1231231231235','2021-11-16 16:54:01'),('9658769073491','test4 : 해당 할일의 팀이 Backend에서 Frontend(으)로 변경되었습니다.',0,'1801457891955','1231231231234','2021-11-16 17:14:53'),('9722403948541','test4 : 해당 할일의 팀이 Backend에서 Frontend(으)로 변경되었습니다.',0,'1801457891955','1231231231234','2021-11-16 17:14:21'),('9753024659315','test6 : 최광진님께서 해당 할일의 팀을 QA에서 Backend(으)로 변경했습니다.',1,'0661773006185','1231231231236','2021-11-16 16:54:02'),('9758736855173','test5 : 해당 할일의 팀이 QA에서 Backend(으)로 변경되었습니다.',0,'1801457891955','1231231231235','2021-11-16 16:54:12'),('9830257479844','test4 : 해당 할일의 팀이 Backend에서 Frontend(으)로 변경되었습니다.',0,'0661773006185','1231231231234','2021-11-16 17:14:18'),('9908007274585','test : 할일의 담당자가 최광진님에서 조용일님으로 변경되었습니다.',1,'2117918503209','3004817931969','2021-11-16 10:05:09'),('9910238191037','팀 수정 기능 추가 : 최광진님께서 상태를 접수에서 완료(으)로 변경했습니다.',0,'5759455600501','9521983104088','2021-11-16 10:00:18');
/*!40000 ALTER TABLE `alarm` ENABLE KEYS */;
UNLOCK TABLES;

--
-- Table structure for table `bookmark`
--

DROP TABLE IF EXISTS `bookmark`;
/*!40101 SET @saved_cs_client     = @@character_set_client */;
/*!50503 SET character_set_client = utf8mb4 */;
CREATE TABLE `bookmark` (
  `id` varchar(13) COLLATE utf8mb4_unicode_ci NOT NULL,
  `member_id` varchar(13) COLLATE utf8mb4_unicode_ci NOT NULL,
  `todo_id` varchar(13) COLLATE utf8mb4_unicode_ci NOT NULL,
  `is_use` tinyint NOT NULL,
  PRIMARY KEY (`id`),
  KEY `fk_bookmark_member1_idx` (`member_id`),
  KEY `fk_bookmark_todo1_idx` (`todo_id`),
  CONSTRAINT `fk_bookmark_member1` FOREIGN KEY (`member_id`) REFERENCES `member` (`id`),
  CONSTRAINT `fk_bookmark_todo1` FOREIGN KEY (`todo_id`) REFERENCES `todo` (`id`)
) ENGINE=InnoDB DEFAULT CHARSET=utf8mb4 COLLATE=utf8mb4_unicode_ci;
/*!40101 SET character_set_client = @saved_cs_client */;

--
-- Dumping data for table `bookmark`
--

LOCK TABLES `bookmark` WRITE;
/*!40000 ALTER TABLE `bookmark` DISABLE KEYS */;
INSERT INTO `bookmark` VALUES ('0101060422446','5759455600501','1231231231236',0),('0103288134016','1801457891955','1231231231232',0),('0393618687191','1801457891955','1231231231232',0),('0420988703660','5759455600501','1231231231236',0),('0428619613072','1801457891955','1231231231232',0),('0456715546352','5759455600501','1231231231236',0),('0647437057978','1801457891955','1231231231232',0),('0671505056230','0661773006185','1231231231233',1),('0804736842390','5759455600501','1231231231234',0),('0813745902837','5759455600501','1231231231234',0),('0857986507296','5759455600501','1231231231236',0),('0956374525167','5759455600501','1231231231237',0),('1033781717805','0661773006185','1231231231234',1),('1054638577298','5759455600501','1231231231237',0),('1070845758376','1801457891955','1231231231232',0),('1179361230291','1801457891955','1231231231232',0),('1231323266791','2117918503209','8002087527736',1),('1237030486797','5759455600501','4862540587539',1),('1271870686168','1801457891955','8675258139746',0),('1292597807108','5759455600501','1231231231236',0),('1381416020983','5759455600501','1231231231236',0),('1580691290265','5759455600501','1231231231236',0),('1694156804663','1801457891955','1231231231232',0),('1760161204263','5759455600501','1231231231233',1),('1802874310702','5759455600501','1231231231236',0),('1809879263507','5759455600501','1231231231231',0),('1848884060303','5759455600501','4862540587539',0),('2027298784038','1801457891955','1231231231231',1),('2037860276474','1801457891955','1231231231232',0),('2175784716704','1801457891955','1231231231232',0),('2195072374004','1801457891955','1231231231232',0),('2305437535865','0661773006185','1231231231232',0),('2321937722995','1801457891955','1231231231233',0),('2329169925777','1801457891955','1231231231232',0),('2386794117374','5759455600501','1231231231236',0),('2388128859273','1801457891955','7938841411644',1),('2390590435821','5759455600501','1231231231234',0),('2413527234705','5759455600501','1231231231237',0),('2474629706806','1801457891955','1231231231232',0),('2488329397387','1801457891955','1231231231232',0),('2491448578077','1801457891955','1231231231232',0),('2494226257606','0661773006185','4407241190477',0),('2576275621717','5759455600501','1306190276890',1),('2652626086820','5759455600501','1231231231237',0),('2654611659337','1801457891955','1231231231232',0),('2726566216472','1801457891955','1231231231232',0),('2738629834559','1801457891955','1231231231233',1),('2941660304489','5759455600501','1231231231236',0),('2943744634449','2117918503209','1231231231232',1),('3057749888129','2117918503209','1306190276890',1),('3081457518412','0661773006185','1231231231231',1),('3127251482150','5759455600501','1231231231236',0),('3386607338215','0661773006185','1231231231232',1),('3416708118437','1801457891955','1231231231234',1),('3425030157465','5759455600501','1231231231237',0),('3595693569850','2117918503209','6487380618245',1),('3789906150720','5759455600501','4862540587539',0),('3883399901183','5759455600501','1231231231234',0),('4018002489771','5759455600501','1231231231236',0),('4106289692411','1801457891955','1231231231232',0),('4173040542044','5759455600501','1231231231234',0),('4175521984979','5759455600501','1231231231234',0),('4197830497609','5759455600501','1231231231234',0),('4233384699400','2117918503209','1231231231232',0),('4412672932062','0661773006185','1231231231232',0),('4482414436069','1801457891955','1231231231232',0),('4503339068377','1801457891955','1231231231232',0),('4552651938095','5759455600501','1231231231234',0),('4619401755541','1801457891955','1231231231232',0),('4632998449476','1801457891955','1231231231232',0),('4647298540415','5759455600501','1231231231231',0),('4708987374061','1801457891955','1231231231232',0),('4714386675009','5759455600501','1231231231236',0),('4778896931045','1801457891955','1231231231232',0),('4860663169047','5759455600501','1231231231237',0),('4902617268140','5759455600501','1231231231236',0),('4971010520317','5759455600501','2738905279381',0),('5078193151335','5759455600501','3004817931969',1),('5177084392573','5759455600501','1231231231236',0),('5182355650189','1801457891955','1231231231236',1),('5213300412589','5759455600501','1231231231237',1),('5241140889331','5759455600501','1231231231234',0),('5304173432685','1801457891955','1231231231233',0),('5326097550588','1801457891955','1231231231232',0),('5356601537781','5759455600501','1231231231234',0),('5367207469370','1801457891955','1231231231232',0),('5467890133059','5759455600501','1231231231236',0),('5499863232464','5759455600501','1231231231234',0),('5524921647272','1801457891955','1231231231232',0),('5536223407332','0661773006185','1231231231232',0),('5557704214059','5759455600501','8527551136879',0),('5586885750820','5759455600501','1231231231236',0),('5586983970235','1801457891955','1231231231237',1),('5804878987471','1801457891955','1231231231233',0),('5812463319115','1801457891955','1231231231232',0),('5821642800950','1801457891955','1231231231231',0),('5927438059248','1801457891955','1231231231232',0),('5932064074008','1801457891955','1231231231232',0),('5997637358752','5759455600501','1231231231236',0),('6005175602903','5759455600501','8030622561490',1),('6030737870229','1801457891955','1231231231232',0),('6070975753536','5759455600501','4862540587539',0),('6131281362132','5759455600501','1231231231231',1),('6243012828702','5759455600501','1231231231237',0),('6490002233803','5759455600501','1231231231231',0),('6567948301785','5759455600501','1582016638994',1),('6597864432981','5759455600501','1231231231236',0),('6618056719837','5759455600501','0334416336911',0),('6727433507925','1801457891955','7288648617237',0),('6735827045816','5759455600501','1231231231236',0),('6769018781706','1801457891955','1231231231235',0),('6784870767532','5759455600501','1231231231234',0),('6788911485672','5759455600501','1231231231234',0),('6820322265834','1801457891955','1231231231235',1),('6843427856000','5759455600501','1231231231232',0),('6870724782914','5759455600501','1231231231236',0),('6885096144625','1801457891955','1231231231234',0),('6888327579166','1801457891955','1231231231233',0),('7136386494458','5759455600501','1231231231232',0),('7140557163648','1801457891955','1231231231232',0),('7166386182679','1801457891955','1231231231233',0),('7287206671890','1801457891955','1231231231232',0),('7419458351316','5759455600501','1231231231231',0),('7466829601491','5759455600501','1207489973119',1),('7541632067346','1801457891955','1231231231232',0),('7745019804819','5759455600501','1231231231236',0),('7808080579659','1801457891955','1231231231232',0),('7823123604389','5759455600501','2738905279381',1),('7835000930713','5759455600501','1231231231231',0),('7923999813930','1801457891955','1231231231232',0),('7981868697168','5759455600501','1231231231234',0),('8185190080923','0661773006185','1231231231236',1),('8251185216834','5759455600501','1231231231231',0),('8348585238137','1801457891955','1231231231232',0),('8363243590433','5759455600501','1231231231236',0),('8478217411585','5759455600501','1231231231236',0),('8578892793157','5759455600501','1231231231234',0),('8681917252608','5759455600501','4862540587539',0),('8769829066829','5759455600501','4862540587539',0),('8966970155115','1801457891955','7288648617237',0),('9046721466694','2117918503209','1231231231233',0),('9059101259495','1801457891955','1231231231232',0),('9107468040546','1801457891955','1231231231232',0),('9159325903512','1801457891955','1231231231232',0),('9207414393801','1801457891955','1231231231232',1),('9272767569207','5759455600501','1231231231236',0),('9448633530131','5759455600501','8675258139746',1),('9467149065066','5759455600501','1231231231237',0),('9505872960144','1801457891955','1231231231232',0),('9694660477363','1801457891955','1231231231232',0),('9754447814074','5759455600501','1231231231232',1),('9806809522429','5759455600501','1231231231237',0),('9841294337346','2117918503209','8093188283936',1),('9943175913406','1801457891955','7288648617237',0);
/*!40000 ALTER TABLE `bookmark` ENABLE KEYS */;
UNLOCK TABLES;

--
-- Table structure for table `member`
--

DROP TABLE IF EXISTS `member`;
/*!40101 SET @saved_cs_client     = @@character_set_client */;
/*!50503 SET character_set_client = utf8mb4 */;
CREATE TABLE `member` (
  `id` varchar(13) COLLATE utf8mb4_unicode_ci NOT NULL,
  `name` varchar(45) COLLATE utf8mb4_unicode_ci NOT NULL,
  `password` varchar(100) COLLATE utf8mb4_unicode_ci NOT NULL,
  `nickname` varchar(45) COLLATE utf8mb4_unicode_ci NOT NULL,
  `authority` varchar(45) COLLATE utf8mb4_unicode_ci NOT NULL,
  `is_use` tinyint NOT NULL,
  PRIMARY KEY (`id`)
) ENGINE=InnoDB DEFAULT CHARSET=utf8mb4 COLLATE=utf8mb4_unicode_ci;
/*!40101 SET character_set_client = @saved_cs_client */;

--
-- Dumping data for table `member`
--

LOCK TABLES `member` WRITE;
/*!40000 ALTER TABLE `member` DISABLE KEYS */;
INSERT INTO `member` VALUES ('0661773006185','조성표','$2a$10$/0m9UbkRJyKqivmrHULeN.oHRcYuN9g6vj1AEr2WMN0dRRad5wjB6','cspcsp','ROLE_USER',1),('1801457891955','최준오','$2a$10$XP7Aoa5qIEuz16kBtVoQieDIeG7ZVMWk7Fm5AGJd6ZpXdxhrK/gyK','cjocjo','ROLE_USER',1),('2117918503209','조용일','$2a$10$FC1pEIW7FiS7aW2Ec7y/B.OKc33XFQV0xJvXVJEa4tOsIXhNiuLMe','cyicyi','ROLE_USER',1),('4008687139980','조용일이삼','$2a$10$uiemXtub.ynW7qmPcKlEW.q.d7p0mtDA2ozBZwggFhxdQhfhsZlM6','choo','ROLE_USER',1),('5149012791273','최신입','$2a$10$b1SRfWyFFsnkJCuy25hg3u75t1O1kbjXSqYXl3SKrU/u/9U8/wWJi','choi','ROLE_USER',1),('5759455600501','최광진','$2a$10$TEYFV20VoJllgXw2rAYLneq53rK8Qe8BkuvrnU3SEv06OJioh5YWO','cgjcgj','ROLE_USER',1),('8603974569110','admin','$2a$10$nQda/MhZVzkgg6G57BIgd.KRRMjTBGEaxBotLZaY.LppzwWpICAUm','admin','ROLE_USER',1),('9561023418701','test','$2a$10$1cQIoe7oMVlR2iuBqZG5SegRr.9VtpwbocYpLwZL4zfxrVkemdGcy','test','ROLE_USER',0);
/*!40000 ALTER TABLE `member` ENABLE KEYS */;
UNLOCK TABLES;

--
-- Table structure for table `member_detail`
--

DROP TABLE IF EXISTS `member_detail`;
/*!40101 SET @saved_cs_client     = @@character_set_client */;
/*!50503 SET character_set_client = utf8mb4 */;
CREATE TABLE `member_detail` (
  `id` varchar(13) COLLATE utf8mb4_unicode_ci NOT NULL,
  `email` varchar(100) COLLATE utf8mb4_unicode_ci DEFAULT NULL,
  `phone` varchar(100) COLLATE utf8mb4_unicode_ci DEFAULT NULL,
  `profile_img` varchar(20) COLLATE utf8mb4_unicode_ci DEFAULT NULL,
  `member_id` varchar(13) COLLATE utf8mb4_unicode_ci NOT NULL,
  PRIMARY KEY (`id`,`member_id`),
  KEY `fk_member_detail_member1_idx` (`member_id`),
  CONSTRAINT `fk_member_detail_member1` FOREIGN KEY (`member_id`) REFERENCES `member` (`id`)
) ENGINE=InnoDB DEFAULT CHARSET=utf8mb4 COLLATE=utf8mb4_unicode_ci;
/*!40101 SET character_set_client = @saved_cs_client */;

--
-- Dumping data for table `member_detail`
--

LOCK TABLES `member_detail` WRITE;
/*!40000 ALTER TABLE `member_detail` DISABLE KEYS */;
INSERT INTO `member_detail` VALUES ('2222222222222','test@test.co.kr','01000000000',NULL,'9561023418701'),('2291125338005','admin@admin.com','00000000000',NULL,'8603974569110'),('2649925525559','cgj@naver.com','01074108520','5759455600501.jpg','5759455600501'),('2706952115936','cjo@naver.com','01045678912','1801457891955.png','1801457891955'),('4294144961317','cyi@naver.com','01012345679','2117918503209.PNG','2117918503209'),('4411786427491','dasge@mail.com','01007478596',NULL,'4008687139980'),('9141739913195','csp@naver.com','01078945612','0661773006185.png','0661773006185'),('9536512106070','hete@yahoo.co.kr','01000000000',NULL,'5149012791273');
/*!40000 ALTER TABLE `member_detail` ENABLE KEYS */;
UNLOCK TABLES;

--
-- Table structure for table `member_has_team`
--

DROP TABLE IF EXISTS `member_has_team`;
/*!40101 SET @saved_cs_client     = @@character_set_client */;
/*!50503 SET character_set_client = utf8mb4 */;
CREATE TABLE `member_has_team` (
  `member_id` varchar(13) COLLATE utf8mb4_unicode_ci NOT NULL,
  `team_id` varchar(13) COLLATE utf8mb4_unicode_ci NOT NULL,
  `is_use` tinyint NOT NULL,
  PRIMARY KEY (`member_id`,`team_id`),
  KEY `fk_member_has_team_team1_idx` (`team_id`),
  KEY `fk_member_has_team_member1_idx` (`member_id`),
  CONSTRAINT `fk_member_has_team_member1` FOREIGN KEY (`member_id`) REFERENCES `member` (`id`),
  CONSTRAINT `fk_member_has_team_team1` FOREIGN KEY (`team_id`) REFERENCES `team` (`id`)
) ENGINE=InnoDB DEFAULT CHARSET=utf8mb4 COLLATE=utf8mb4_unicode_ci;
/*!40101 SET character_set_client = @saved_cs_client */;

--
-- Dumping data for table `member_has_team`
--

LOCK TABLES `member_has_team` WRITE;
/*!40000 ALTER TABLE `member_has_team` DISABLE KEYS */;
INSERT INTO `member_has_team` VALUES ('0661773006185','1129335588349',1),('0661773006185','1231231231231',0),('0661773006185','2342342342342',1),('0661773006185','2803973107549',1),('0661773006185','4074658590480',1),('0661773006185','4988750241161',1),('0661773006185','5495092822123',1),('0661773006185','6739129072024',1),('0661773006185','8041261055498',1),('1801457891955','0612049467026',1),('1801457891955','2342342342342',1),('1801457891955','3384984280691',1),('1801457891955','5979283136438',0),('1801457891955','6227045073570',0),('2117918503209','1231231231231',1),('2117918503209','1672006118693',1),('2117918503209','1681558770893',1),('2117918503209','4534534534534',0),('2117918503209','6557279619079',1),('2117918503209','7418949442020',1),('2117918503209','7936223800977',1),('4008687139980','1681558770893',1),('5149012791273','0480048658369',1),('5149012791273','0481585671078',1),('5149012791273','6227045073570',0),('5759455600501','1231231231231',0),('5759455600501','1672006118693',1),('5759455600501','1784002724402',1),('5759455600501','2548467224686',1),('5759455600501','3510382335332',1),('5759455600501','3605729898423',0),('5759455600501','3645276867301',1),('5759455600501','4534534534534',1),('5759455600501','4777263625179',0),('5759455600501','6227045073570',0),('5759455600501','7678746279820',1),('5759455600501','8720132909997',1),('5759455600501','8915234789531',0),('8603974569110','3095029319230',1),('8603974569110','9050447261086',1),('9561023418701','6227045073570',1);
/*!40000 ALTER TABLE `member_has_team` ENABLE KEYS */;
UNLOCK TABLES;

--
-- Table structure for table `project`
--

DROP TABLE IF EXISTS `project`;
/*!40101 SET @saved_cs_client     = @@character_set_client */;
/*!50503 SET character_set_client = utf8mb4 */;
CREATE TABLE `project` (
  `id` varchar(13) COLLATE utf8mb4_unicode_ci NOT NULL,
  `name` varchar(45) COLLATE utf8mb4_unicode_ci NOT NULL,
  `desc` varchar(1000) COLLATE utf8mb4_unicode_ci NOT NULL,
  `is_done` tinyint NOT NULL,
  `start_date` date DEFAULT NULL,
  `end_date` date DEFAULT NULL,
  `reg_date` datetime DEFAULT CURRENT_TIMESTAMP,
  PRIMARY KEY (`id`)
) ENGINE=InnoDB DEFAULT CHARSET=utf8mb4 COLLATE=utf8mb4_unicode_ci;
/*!40101 SET character_set_client = @saved_cs_client */;

--
-- Dumping data for table `project`
--

LOCK TABLES `project` WRITE;
/*!40000 ALTER TABLE `project` DISABLE KEYS */;
INSERT INTO `project` VALUES ('0932999859949','혼자 뭐하니?','SNS를 통한 팀매칭과 팀매칭을 통한 운동 지속 서비스',0,'2021-11-25','2021-12-03','2021-11-17 14:03:55'),('1182605839812','테스트프로젝트','테스트입니다.',1,'2021-11-11','2021-11-26','2021-11-11 16:02:59'),('1231231231231','공통프로젝트','SNS 기반의 게임 매칭 서비스',1,'2021-11-05','2022-11-04','2021-11-05 08:04:06'),('1471471471477','자율프로젝트','네이버 기업연계 프로젝트',0,'2021-11-05','2022-11-19','2021-11-05 08:04:06'),('1782295422125','text','test',1,'2021-11-11','2021-11-19','2021-11-11 15:57:48'),('2245350432700','협업','협업 프로젝트',1,'2021-11-17','2021-11-26','2021-11-17 22:28:21'),('3511963449834','자율프로젝트','SSAFY 2학기 마지막 프로젝트',0,'2021-11-17','2021-11-19','2021-11-17 15:42:38'),('3713089619634','TIP','Todolist In Project',0,'2021-11-13','2021-11-19','2021-11-12 14:47:26'),('3953562810183','테스트용','테스트용  12',1,'2021-11-16','2021-11-18','2021-11-16 10:52:33'),('4657959040010','HAMGO','게임 매칭 SNS',0,'2021-11-17','2021-11-30','2021-11-17 14:02:37'),('5524175249715','배포 테스트','배포 프로젝트 테스트',0,'2021-11-11','2021-11-13','2021-11-11 15:18:26'),('5675675675675','특화프로젝트','구글 지도의 리뷰 빅데이터 기반의 맛집 분석 서비스',1,'2021-11-05','2022-11-08','2021-11-05 08:04:06'),('6169171919781','기업연계','네이버',0,'2021-11-10','2021-11-19','2021-11-10 16:52:34'),('6274678571521','Test','Test',0,'2021-11-15','2021-11-27','2021-11-15 14:23:34'),('7268188527035','맛소금','빅데이터 기반 맛집 리뷰 분석 웹 서비스',0,'2021-11-18','2021-11-30','2021-11-17 14:04:38');
/*!40000 ALTER TABLE `project` ENABLE KEYS */;
UNLOCK TABLES;

--
-- Table structure for table `team`
--

DROP TABLE IF EXISTS `team`;
/*!40101 SET @saved_cs_client     = @@character_set_client */;
/*!50503 SET character_set_client = utf8mb4 */;
CREATE TABLE `team` (
  `id` varchar(13) COLLATE utf8mb4_unicode_ci NOT NULL,
  `name` varchar(100) COLLATE utf8mb4_unicode_ci NOT NULL,
  `is_use` tinyint NOT NULL,
  `project_id` varchar(13) COLLATE utf8mb4_unicode_ci NOT NULL,
  PRIMARY KEY (`id`),
  KEY `fk_team_project1_idx` (`project_id`),
  CONSTRAINT `fk_team_project1` FOREIGN KEY (`project_id`) REFERENCES `project` (`id`)
) ENGINE=InnoDB DEFAULT CHARSET=utf8mb4 COLLATE=utf8mb4_unicode_ci;
/*!40101 SET character_set_client = @saved_cs_client */;

--
-- Dumping data for table `team`
--

LOCK TABLES `team` WRITE;
/*!40000 ALTER TABLE `team` DISABLE KEYS */;
INSERT INTO `team` VALUES ('0322317104851','제발234',0,'1231231231231'),('0364921963499','테스트4',0,'1231231231231'),('0467967165327','admin',0,'6169171919781'),('0480048658369','디자인',1,'3511963449834'),('0481585671078','테스트',1,'1231231231231'),('0612049467026','QA',1,'3511963449834'),('1129335588349','Frontend',1,'4657959040010'),('1231231231231','Frontend',1,'1231231231231'),('1278339832640','제발되어라',0,'1231231231231'),('1610155779258','테스트2',0,'1231231231231'),('1672006118693','Backend',1,'3511963449834'),('1681558770893','새 팀',1,'0932999859949'),('1784002724402','admin',0,'2245350432700'),('2342342342342','Backend',1,'1231231231231'),('2548467224686','admin',0,'4657959040010'),('2803973107549','조성표',1,'3713089619634'),('3004582876471','test',0,'3511963449834'),('3095029319230','Test',1,'6274678571521'),('3384984280691','최준오',1,'3713089619634'),('3396304970859','테스트2',0,'1231231231231'),('3510382335332','최광진',1,'3713089619634'),('3605729898423','테스트3',0,'1231231231231'),('3645276867301','admin',0,'3953562810183'),('4074658590480','Frontend',1,'3511963449834'),('4156148043465','안녕하세요',1,'1231231231231'),('4191402501610','test팀',0,'3511963449834'),('4534534534534','QA',1,'1231231231231'),('4601341377776','테스트3',0,'1231231231231'),('4777263625179','테스트테스트',0,'1231231231231'),('4988750241161','Frontend',1,'7268188527035'),('5495092822123','Frontend',1,'0932999859949'),('5979283136438','admin',0,'5524175249715'),('6227045073570','제발',0,'1231231231231'),('6557279619079','admin',0,'3511963449834'),('6699469156234','test',0,'3511963449834'),('6739129072024','admin',0,'1782295422125'),('7418949442020','조용일',1,'3713089619634'),('7678746279820','admin',0,'7268188527035'),('7936223800977','admin',0,'3713089619634'),('8041261055498','admin',0,'1182605839812'),('8538274336631','테스트222',0,'1231231231231'),('8720132909997','admin',0,'0932999859949'),('8915234789531','인사',1,'1231231231231'),('9050447261086','admin',0,'6274678571521'),('9785281871490','test',0,'3511963449834');
/*!40000 ALTER TABLE `team` ENABLE KEYS */;
UNLOCK TABLES;

--
-- Table structure for table `todo`
--

DROP TABLE IF EXISTS `todo`;
/*!40101 SET @saved_cs_client     = @@character_set_client */;
/*!50503 SET character_set_client = utf8mb4 */;
CREATE TABLE `todo` (
  `id` varchar(13) COLLATE utf8mb4_unicode_ci NOT NULL,
  `title` varchar(100) COLLATE utf8mb4_unicode_ci NOT NULL,
  `status` varchar(45) COLLATE utf8mb4_unicode_ci NOT NULL,
  `project_id` varchar(13) COLLATE utf8mb4_unicode_ci NOT NULL,
  `member_id` varchar(13) COLLATE utf8mb4_unicode_ci DEFAULT NULL,
  `team_id` varchar(13) COLLATE utf8mb4_unicode_ci NOT NULL,
  `modify_date` datetime DEFAULT CURRENT_TIMESTAMP ON UPDATE CURRENT_TIMESTAMP,
  `reg_date` datetime DEFAULT CURRENT_TIMESTAMP,
  PRIMARY KEY (`id`),
  KEY `fk_todo_project1_idx` (`project_id`),
  KEY `fk_todo_member1_idx` (`member_id`),
  KEY `fk_todo_team1_idx` (`team_id`),
  CONSTRAINT `fk_todo_member1` FOREIGN KEY (`member_id`) REFERENCES `member` (`id`),
  CONSTRAINT `fk_todo_project1` FOREIGN KEY (`project_id`) REFERENCES `project` (`id`),
  CONSTRAINT `fk_todo_team1` FOREIGN KEY (`team_id`) REFERENCES `team` (`id`)
) ENGINE=InnoDB DEFAULT CHARSET=utf8mb4 COLLATE=utf8mb4_unicode_ci;
/*!40101 SET character_set_client = @saved_cs_client */;

--
-- Dumping data for table `todo`
--

LOCK TABLES `todo` WRITE;
/*!40000 ALTER TABLE `todo` DISABLE KEYS */;
INSERT INTO `todo` VALUES ('0334416336911','팀 추가 시 FE 반응 fix','접수','3713089619634','5759455600501','3510382335332','2021-11-16 04:55:55','2021-11-15 19:55:44'),('0470962531097','헤더 지금 위치 클릭시 오류','완료','3713089619634','1801457891955','3384984280691','2021-11-15 17:47:32','2021-11-15 17:47:32'),('0605106083805','Team Add','접수','3511963449834','2117918503209','1672006118693','2021-11-18 14:48:18','2021-11-17 16:20:34'),('0725144027761','상세페이지 상태, 담당자 변경','완료','3713089619634','2117918503209','7418949442020','2021-11-15 05:54:50','2021-11-12 14:49:24'),('0833441522181','Filter','진행','3511963449834','5759455600501','1672006118693','2021-11-17 16:23:06','2021-11-17 16:19:56'),('1108039986951','상세 페이지 이미지 오류 해결','완료','3713089619634','1801457891955','3384984280691','2021-11-15 16:05:56','2021-11-15 16:05:56'),('1128168460949','완료 프로젝트 페이지','완료','3713089619634','5759455600501','3510382335332','2021-11-15 19:13:41','2021-11-14 15:45:09'),('1207489973119','내할일 되나용?','접수','1231231231231','1801457891955','2342342342342','2021-11-12 17:36:50','2021-11-12 17:36:50'),('1231231231231','test1','진행','1231231231231','0661773006185','4534534534534','2021-11-11 16:06:29','2021-11-05 08:05:58'),('1231231231232','test2','New','1231231231231',NULL,'1231231231231','2021-11-16 16:54:03','2021-11-05 08:05:59'),('1231231231233','test3','완료','1231231231231','2117918503209','1231231231231','2021-11-17 16:29:34','2021-11-05 08:05:59'),('1231231231234','test4','New','1231231231231',NULL,'2342342342342','2021-11-16 17:14:59','2021-11-05 08:06:00'),('1231231231235','test5','New','1231231231231',NULL,'2342342342342','2021-11-16 16:54:12','2021-11-05 08:06:01'),('1231231231236','test6','New','1231231231231',NULL,'2342342342342','2021-11-16 16:54:02','2021-11-05 08:06:01'),('1231231231237','test7','New','1231231231231','0661773006185','2342342342342','2021-11-11 16:28:19','2021-11-05 08:06:02'),('1306190276890','My Todo Page','접수','3511963449834','5759455600501','1672006118693','2021-11-18 00:33:15','2021-11-17 15:44:56'),('1582016638994','Alarm','접수','3511963449834','2117918503209','1672006118693','2021-11-17 16:23:14','2021-11-17 16:19:47'),('1822011319614','팀 할일 페이지 보내기 디폴트값 설정','진행','3713089619634','5759455600501','3510382335332','2021-11-17 22:31:39','2021-11-15 19:57:49'),('1989150647969','이게 보이시나요?','접수','1231231231231','5759455600501','4534534534534','2021-11-15 10:12:11','2021-11-15 10:12:11'),('2428484212645','stomp 새로고침','완료','3713089619634','2117918503209','7418949442020','2021-11-16 00:50:10','2021-11-12 15:38:49'),('2542585693467','내 할일 필터 수정','완료','3713089619634','0661773006185','2803973107549','2021-11-17 10:59:14','2021-11-15 15:58:59'),('2738905279381','팀 페이지 필터 및 즐겨찾기 적용','진행','3713089619634','5759455600501','3510382335332','2021-11-17 22:31:54','2021-11-13 23:56:01'),('2996787547936','할일 추가 테스트1','New','1231231231231','5149012791273','0322317104851','2021-11-11 11:36:22','2021-11-11 11:34:47'),('3004817931969','test','New','1231231231231',NULL,'0481585671078','2021-11-16 16:53:34','2021-11-11 16:01:18'),('3014468354850','팀 할일 페이지 New Todo 로직 수정','완료','3713089619634','2117918503209','7418949442020','2021-11-15 15:52:33','2021-11-15 15:52:33'),('3297208093431','프로젝트 수정 기능 추가','진행하지않음','3713089619634','5759455600501','3510382335332','2021-11-17 22:31:50','2021-11-15 19:55:26'),('3356277371571','알림페이지','진행','3713089619634','0661773006185','2803973107549','2021-11-16 18:46:16','2021-11-14 16:23:33'),('3583624108515','Stomp 적용','New','3511963449834',NULL,'0480048658369','2021-11-18 11:03:00','2021-11-17 16:19:28'),('3585232496905','팀 페이지 할일 가져오기 로직연결','완료','3713089619634','2117918503209','7418949442020','2021-11-15 23:11:53','2021-11-14 11:22:23'),('3971183854425','프로젝트 완료 버튼 동적으로 변경하기','New','3713089619634',NULL,'3510382335332','2021-11-18 09:59:08','2021-11-16 18:45:06'),('4262938499100','내 할일 페이지','완료','3713089619634','0661773006185','2803973107549','2021-11-17 14:25:23','2021-11-15 15:49:32'),('4407241190477','로그아웃 페이지 수정','진행','3713089619634','0661773006185','2803973107549','2021-11-15 17:18:38','2021-11-15 17:18:38'),('4530714983686','Detail Info update','New','3511963449834',NULL,'0612049467026','2021-11-17 16:22:45','2021-11-17 16:20:57'),('4611964838058','할일추가test','New','1231231231231',NULL,'0481585671078','2021-11-16 18:21:35','2021-11-16 13:34:02'),('4722924884285','로그아웃','완료','3713089619634','0661773006185','2803973107549','2021-11-15 16:34:41','2021-11-15 16:34:41'),('4849271755335','팀간 할일 이동시 담당자 초기화','완료','3713089619634','2117918503209','7418949442020','2021-11-15 10:13:29','2021-11-15 10:13:29'),('4862540587539','할일 상세페이지 즐겨찾기 적용','완료','3713089619634','5759455600501','3510382335332','2021-11-14 10:41:10','2021-11-14 10:41:10'),('5237450407311','Stomp 전체 수정','완료','3713089619634','2117918503209','7418949442020','2021-11-16 13:32:32','2021-11-16 13:32:20'),('5484009169815','New Todo 이동 로직 수정','완료','3713089619634','2117918503209','7418949442020','2021-11-16 13:31:47','2021-11-15 15:51:02'),('6487380618245','Todo Add','진행','3511963449834','1801457891955','0612049467026','2021-11-17 16:23:42','2021-11-17 16:20:27'),('6652945752291','Project List','진행','3511963449834','0661773006185','4074658590480','2021-11-17 16:24:41','2021-11-17 16:21:30'),('7116670400763','상세 추가 히스토리 내용 수정','완료','3713089619634','1801457891955','3384984280691','2021-11-17 14:51:26','2021-11-15 16:06:10'),('7178540592827','내 할일 추가 tcp','완료','3713089619634','2117918503209','7418949442020','2021-11-16 13:36:17','2021-11-15 10:13:00'),('7288648617237','내 정보 페이지','완료','3713089619634','1801457891955','3384984280691','2021-11-12 14:48:57','2021-11-12 14:48:57'),('7329692972070','테스트','New','1231231231231',NULL,'8915234789531','2021-11-12 10:58:58','2021-11-12 10:58:58'),('7609392917795','할일이 바로 나오나요?','진행하지않음','1231231231231','1801457891955','2342342342342','2021-11-15 10:10:40','2021-11-15 10:10:40'),('7711217607163','Test','진행하지않음','6274678571521','8603974569110','3095029319230','2021-11-16 00:22:18','2021-11-15 14:23:51'),('7914541978277','할일 추가 테스트2','New','1231231231231',NULL,'0322317104851','2021-11-11 11:35:00','2021-11-11 11:35:00'),('7938841411644','할일 추가 테스트2','New','1231231231231',NULL,'0322317104851','2021-11-11 11:35:07','2021-11-11 11:35:07'),('8002087527736','Team Todo Page','진행','3511963449834','2117918503209','1672006118693','2021-11-17 16:53:29','2021-11-17 16:40:15'),('8030622561490','하이','New','1231231231231',NULL,'8915234789531','2021-11-16 16:50:33','2021-11-12 10:57:34'),('8056014304350','최광진 새할일','New','1231231231231',NULL,'2342342342342','2021-11-16 16:50:35','2021-11-15 10:11:35'),('8093188283936','Team Move Modal','New','3511963449834',NULL,'0480048658369','2021-11-18 11:02:57','2021-11-17 15:44:31'),('8252315369921','상세 추가 알림','완료','3713089619634','1801457891955','3384984280691','2021-11-15 16:05:40','2021-11-15 16:05:40'),('8527551136879','테스트','New','1231231231231','5759455600501','4534534534534','2021-11-11 16:04:33','2021-11-11 16:04:33'),('8675258139746','내 할일 페이지에서 할일 추가','완료','3713089619634','1801457891955','3384984280691','2021-11-12 15:39:58','2021-11-12 15:39:58'),('8845135596477','Test2','New','6274678571521',NULL,'3095029319230','2021-11-15 14:23:57','2021-11-15 14:23:57'),('9088780227914','할일추가 test2','완료','1231231231231','2117918503209','1231231231231','2021-11-17 16:29:35','2021-11-16 13:35:40'),('9123310445076','상세 페이지에서 New로 변경 시 기능 테스트','완료','3713089619634','2117918503209','7418949442020','2021-11-16 13:31:52','2021-11-15 15:55:30'),('9521983104088','팀 수정 기능 추가','접수','3713089619634','5759455600501','3510382335332','2021-11-18 09:59:13','2021-11-15 19:55:12'),('9548989564537','History format 수정','완료','3713089619634','2117918503209','7418949442020','2021-11-16 13:31:40','2021-11-15 15:54:53'),('9889994441634','My Page','New','3511963449834',NULL,'4074658590480','2021-11-18 15:06:13','2021-11-17 16:21:42');
/*!40000 ALTER TABLE `todo` ENABLE KEYS */;
UNLOCK TABLES;

--
-- Table structure for table `todo_content`
--

DROP TABLE IF EXISTS `todo_content`;
/*!40101 SET @saved_cs_client     = @@character_set_client */;
/*!50503 SET character_set_client = utf8mb4 */;
CREATE TABLE `todo_content` (
  `id` varchar(13) COLLATE utf8mb4_unicode_ci NOT NULL,
  `contents` varchar(1000) COLLATE utf8mb4_unicode_ci NOT NULL,
  `is_use` tinyint NOT NULL,
  `member_id` varchar(13) COLLATE utf8mb4_unicode_ci NOT NULL,
  `todo_id` varchar(13) COLLATE utf8mb4_unicode_ci NOT NULL,
  `reg_date` datetime DEFAULT CURRENT_TIMESTAMP,
  PRIMARY KEY (`id`),
  KEY `fk_todo_content_member1_idx` (`member_id`),
  KEY `fk_todo_content_todo1_idx` (`todo_id`),
  CONSTRAINT `fk_todo_content_member1` FOREIGN KEY (`member_id`) REFERENCES `member` (`id`),
  CONSTRAINT `fk_todo_content_todo1` FOREIGN KEY (`todo_id`) REFERENCES `todo` (`id`)
) ENGINE=InnoDB DEFAULT CHARSET=utf8mb4 COLLATE=utf8mb4_unicode_ci;
/*!40101 SET character_set_client = @saved_cs_client */;

--
-- Dumping data for table `todo_content`
--

LOCK TABLES `todo_content` WRITE;
/*!40000 ALTER TABLE `todo_content` DISABLE KEYS */;
INSERT INTO `todo_content` VALUES ('0170688734553','페이지 와이어 프레임 figma 링크 입니다.\n[내 정보 페이지 와이어 프레임](https://www.figma.com/proto/xIE6D1VuM5My1MrUsrL6Mw/naver?node-id=73%3A2&scaling=scale-down&page-id=0%3A1&starting-point-node-id=4%3A6&show-proto-sidebar=1)',1,'1801457891955','7288648617237','2021-11-15 14:57:03'),('0237045082259','[네이버](www.naver.com)',1,'1801457891955','1231231231231','2021-11-09 18:22:26'),('0268190957064','2',1,'1801457891955','1231231231231','2021-11-09 19:01:30'),('0688084798032','1231231312',1,'1801457891955','1231231231232','2021-11-09 18:53:48'),('1155778585635','123',1,'1801457891955','1231231231232','2021-11-09 18:39:28'),('1166852768210','이미지 오류 내용\n1. get 요청이 :8080/img/ 이런 식으로 날아가서 controller에서 받지 못하는 문제\n2. memberId 를 null로 초기 값을 주는 것으로 해결',1,'1801457891955','1108039986951','2021-11-15 17:30:14'),('1657674041905','dddggdg test',0,'1801457891955','1231231231232','2021-11-09 18:53:45'),('1674774731429','상세내용을 추가합니다!\n\n최신입님 이렇게 작업해주세요.',1,'5149012791273','1306190276890','2021-11-17 23:52:42'),('1695431572122','2',1,'1801457891955','1231231231232','2021-11-09 18:51:46'),('1981363619331','수정입니다.\nhttps://jira.ssafy.com/browse/S05P31F001-202',1,'0661773006185','4262938499100','2021-11-15 15:49:50'),('2148290050392','내 할일 필터에서 New를 제거!\nhttps://jira.ssafy.com/browse/S05P31F001-205',1,'0661773006185','2542585693467','2021-11-15 15:59:53'),('2491252369012','666',1,'1801457891955','1231231231232','2021-11-09 18:54:02'),('3029046211055','gd',1,'1801457891955','1231231231232','2021-11-09 18:26:42'),('3327470853351','내 할 일 세부 내용 추가 테스트',1,'1801457891955','8675258139746','2021-11-17 14:31:02'),('3926000386285','삭제 테스트용 데이터\nㅎㅎ',0,'1801457891955','1231231231232','2021-11-10 14:53:47'),('4122701631159','123',1,'1801457891955','1231231231232','2021-11-09 18:39:33'),('4418380975675','상세내용수정\n[네이버](http://www.naver.com)',1,'1801457891955','1231231231231','2021-11-09 19:02:12'),('4881848002205','1',1,'1801457891955','1231231231231','2021-11-09 19:01:28'),('5147553913605','dddd',1,'1801457891955','1231231231232','2021-11-09 18:39:22'),('5552029228380','내 할 일에서 히스토리 비교하기 버튼 활성화',1,'1801457891955','8675258139746','2021-11-17 14:25:23'),('5731523260965','ddd',1,'1801457891955','1231231231232','2021-11-09 18:38:57'),('5847436868738','dd',1,'0661773006185','1231231231232','2021-11-10 11:24:02'),('5957020641824','5555',1,'1801457891955','1231231231232','2021-11-09 18:54:26'),('6116594058949','6',1,'1801457891955','1231231231231','2021-11-09 19:02:07'),('6170331109199','123456789101234567891012345678910123456789101234567891012345678910123456789101234567891012345678910123456789101234567891012345678910123456789101234567891012345678910123456789101234567891012345678910123456789101234567891012345678910123456789101234567891012345678910123456789101234567891012345678910123456789101234567891012345678910123456789101234567891012345678910123456789101234567891012345678910123456789101234567891012345678910123456789101234567891012345678910123456789101234567891012345678910123456789101234567891012345678910123456789101234567891012345678910123456789101234567891012345678910123456789101234567891012345678910123456789101234567891012345678910123456789101234567891012345678910123456789101234567891012345678910123456789101234567891012345678910123456789101234567891012345678910123456789101234567891012345678910123456789101234567891012345678910123456789101234567891012345678910123456789101234567891012345678910123456789101234567891012345678910123456789101234567891012345678910123456789',1,'1801457891955','1231231231232','2021-11-11 00:12:27'),('6193151052225','지라 이슈입니다.\nhttps://jira.ssafy.com/browse/S05P31F001-180',1,'0661773006185','7288648617237','2021-11-14 13:59:07'),('6203219755022','4',1,'1801457891955','1231231231232','2021-11-09 18:51:52'),('6362986030408','gd\n수정 테스트 하는 중입니다.',1,'0661773006185','1231231231232','2021-11-10 11:23:11'),('6500838800373','[My Todo Design](https://www.figma.com/proto/xIE6D1VuM5My1MrUsrL6Mw/naver?node-id=40%3A605&scaling=scale-down&page-id=0%3A1&starting-point-node-id=4%3A6&show-proto-sidebar=1)\nMy Todo 초기 디자인입니다.\nFigma로 제작했고 기본적인 UX도 설정했습니다.',0,'2117918503209','1306190276890','2021-11-17 15:49:03'),('7748368596944','6',1,'1801457891955','1231231231232','2021-11-09 18:52:36'),('7756723073834','담당자가 정해지지 않았네요\n참고용 링크: https://www.google.com',1,'1801457891955','7914541978277','2021-11-11 14:28:29'),('7892234698843','네이버 입니다. 참고해주세요\n[네이버](www.naver.com)',1,'0661773006185','1231231231232','2021-11-10 11:24:30'),('8203459422897','dg',1,'1801457891955','1231231231231','2021-11-09 18:20:00'),('8343259797144','팀 간 이동, 다른 팀으로 담당자 없이 보낼 때\nstatus : new,\nmemberId : null\n로 Todo 변경 및 TCP 통신',1,'2117918503209','5484009169815','2021-11-15 15:51:58'),('8823074347311','에듀 싸피 참고\n[ssafy](https://edu.ssafy.com)',1,'0661773006185','4262938499100','2021-11-17 14:25:10'),('9121187610462','gd',1,'1801457891955','1231231231232','2021-11-09 18:30:25'),('9134569163269','ㅁㄴㅇㅁㄴㅇ\n[네이버](http://www.naver.com)',1,'0661773006185','1231231231232','2021-11-10 11:27:44'),('9143568940268','ㅇㄴㅁㅇㅁㄴ',0,'5149012791273','1306190276890','2021-11-18 00:06:28'),('9178580326137','1',1,'1801457891955','1231231231232','2021-11-09 18:40:40'),('9366199812149','dg',1,'1801457891955','1231231231231','2021-11-09 18:20:03'),('9383576146046','테스트',0,'0661773006185','2542585693467','2021-11-16 13:56:16'),('9403764549859','55555',1,'1801457891955','1231231231231','2021-11-09 19:01:56'),('9495136255858','dg',1,'1801457891955','1231231231231','2021-11-09 18:19:59'),('9794409094659','[My Todo Design](https://www.figma.com/proto/xIE6D1VuM5My1MrUsrL6Mw/naver?node-id=40%3A605&scaling=scale-down&page-id=0%3A1&starting-point-node-id=4%3A6&show-proto-sidebar=1)\nMy Todo Page 초기 디자인입니다.\nFigma로 제작했고 기본적인 UX도 적용했습니다.\n\n2021.11.16\n기존 디자인에서 칸반보드로 수정될 예정입니다.\n\n2021.11.17\n칸반보드로 수정되었습니다.',1,'5149012791273','1306190276890','2021-11-17 15:52:40');
/*!40000 ALTER TABLE `todo_content` ENABLE KEYS */;
UNLOCK TABLES;

--
-- Table structure for table `todo_content_record`
--

DROP TABLE IF EXISTS `todo_content_record`;
/*!40101 SET @saved_cs_client     = @@character_set_client */;
/*!50503 SET character_set_client = utf8mb4 */;
CREATE TABLE `todo_content_record` (
  `id` varchar(13) COLLATE utf8mb4_unicode_ci NOT NULL,
  `diff` json NOT NULL,
  `todo_content_id` varchar(13) COLLATE utf8mb4_unicode_ci NOT NULL,
  `modify_date` datetime NOT NULL DEFAULT CURRENT_TIMESTAMP,
  PRIMARY KEY (`id`),
  KEY `fk_todo_content_record_todo_content1_idx` (`todo_content_id`),
  CONSTRAINT `fk_todo_content_record_todo_content1` FOREIGN KEY (`todo_content_id`) REFERENCES `todo_content` (`id`)
) ENGINE=InnoDB DEFAULT CHARSET=utf8mb4 COLLATE=utf8mb4_unicode_ci;
/*!40101 SET character_set_client = @saved_cs_client */;

--
-- Dumping data for table `todo_content_record`
--

LOCK TABLES `todo_content_record` WRITE;
/*!40000 ALTER TABLE `todo_content_record` DISABLE KEYS */;
INSERT INTO `todo_content_record` VALUES ('0301585747013','{\"after\": \"에듀 싸피 참고\\n[ssafy](https://edu.ssafy.com)\", \"before\": \"\", \"writer\": \"조성표\", \"message\": \"조성표님께서  내 할일 수정의 상세 정보를 생성했습니다.\"}','8823074347311','2021-11-17 14:25:10'),('0530146072004','{\"after\": \"삭제 테스트용 데이터\\nㅎㅎ\", \"before\": \"삭제 테스트용 데이터\\n\", \"writer\": \"최준오\", \"message\": \"\\\"최준오\\\"가 test2의 상세 정보를 변경했습니다.\"}','3926000386285','2021-11-10 14:53:51'),('0679418247824','{\"after\": \"\", \"before\": \"삭제 테스트용 데이터\\nㅎㅎ\", \"writer\": \"최준오\", \"message\": \"\\\"최준오\\\"가 test2의 상세 정보를 삭제했습니다.\"}','3926000386285','2021-11-10 14:53:54'),('1278905753787','{\"after\": \"내 할일 필터에서 New를 제거!\\nhttps://jira.ssafy.com/browse/S05P31F001-205\", \"before\": \"내 할일 필터에서 New를 제거\\nhttps://jira.ssafy.com/browse/S05P31F001-205\", \"writer\": \"조성표\", \"message\": \"조성표님께서  내 할일 필터 수정의 상세 정보를 변경했습니다.\"}','2148290050392','2021-11-16 13:59:59'),('1609190034188','{\"after\": \"123456789101234567891012345678910123456789101234567891012345678910123456789101234567891012345678910123456789101234567891012345678910123456789101234567891012345678910123456789101234567891012345678910123456789101234567891012345678910123456789101234567891012345678910123456789101234567891012345678910123456789101234567891012345678910123456789101234567891012345678910123456789101234567891012345678910123456789101234567891012345678910123456789101234567891012345678910123456789101234567891012345678910123456789101234567891012345678910123456789101234567891012345678910123456789101234567891012345678910123456789101234567891012345678910123456789101234567891012345678910123456789101234567891012345678910123456789101234567891012345678910123456789101234567891012345678910123456789101234567891012345678910123456789101234567891012345678910123456789101234567891012345678910123456789101234567891012345678910123456789101234567891012345678910123456789101234567891012345678910123456789101234567891012345678910123456789\", \"before\": \"abc [hi](https://www.naver.com)abc [hi](https://www.naver.com)abc [hi](https://www.naver.com)abc [hi](https://www.naver.com)abc [hi](https://www.naver.com)abc [hi](https://www.naver.com)abc [hi](https://www.naver.com)abc [hi](https://www.naver.com)abc [hi](https://www.naver.com)abc [hi](https://www.naver.com)abc [hi](https://www.naver.com)abc [hi](https://www.naver.com)abc [hi](https://www.naver.com)abc [hi](https://www.naver.com)abc [hi](https://www.naver.com)abc [hi](https://www.naver.com)abc [hi](https://www.naver.com)abc [hi](https://www.naver.com)abc [hi](https://www.naver.com)abc [hi](https://www.naver.com)abc [hi](https://www.naver.com)abc [hi](https://www.naver.com)abc [hi](https://www.naver.com)abc [hi](https://www.naver.com)abc [hi](https://www.naver.com)abc [hi](https://www.naver.com)abc [hi](https://www.naver.com)abc [hi](https://www.naver.com)abc [hi](https://www.naver.com)abc [hi](https://www.naver.com)abc [hi](https://www.naver.com)abc [hi](https://www.naver.com)\", \"writer\": \"조성표\", \"message\": \"\\\"조성표\\\"가 test2의 상세 정보를 변경했습니다.\"}','6170331109199','2021-11-11 14:06:06'),('1755291932213','{\"after\": \"상세내용수정\\n[네이버](http://www.naver.com)\", \"before\": \"67\", \"writer\": \"조성표\", \"message\": \"\\\"조성표\\\"가 test1의 상세 정보를 변경했습니다.\"}','4418380975675','2021-11-11 16:08:27'),('1831013496865','{\"after\": \"[My Todo Design](https://www.figma.com/proto/xIE6D1VuM5My1MrUsrL6Mw/naver?node-id=40%3A605&scaling=scale-down&page-id=0%3A1&starting-point-node-id=4%3A6&show-proto-sidebar=1)\\nMy Todo Page 초기 디자인입니다.\\nFigma로 제작했고 기본적인 UX도 적용했습니다.\\n\\n2021.11.17\\n기존 디자인에서 칸반보드로 수정될 예정입니다.\", \"before\": \"[My Todo Design](https://www.figma.com/proto/xIE6D1VuM5My1MrUsrL6Mw/naver?node-id=40%3A605&scaling=scale-down&page-id=0%3A1&starting-point-node-id=4%3A6&show-proto-sidebar=1)\\nMy Todo Page 초기 디자인입니다.\\nFigma로 제작했고 기본적인 UX도 적용했습니다.\", \"writer\": \"최신입\", \"message\": \"최신입님께서  My Todo Page의 상세 정보를 변경했습니다.\"}','9794409094659','2021-11-17 16:31:47'),('2312997682872','{\"after\": \"[My Todo Design](https://www.figma.com/proto/xIE6D1VuM5My1MrUsrL6Mw/naver?node-id=40%3A605&scaling=scale-down&page-id=0%3A1&starting-point-node-id=4%3A6&show-proto-sidebar=1)\\nMy Todo Page 초기 디자인입니다.\\nFigma로 제작했고 기본적인 UX도 적용했습니다.\\n\\n2021.11.16\\n기존 디자인에서 칸반보드로 수정될 예정입니다.\\n\\n2021.11.17\\n칸반보드로 수정되었습니다.\", \"before\": \"[My Todo Design](https://www.figma.com/proto/xIE6D1VuM5My1MrUsrL6Mw/naver?node-id=40%3A605&scaling=scale-down&page-id=0%3A1&starting-point-node-id=4%3A6&show-proto-sidebar=1)\\nMy Todo Page 초기 디자인입니다.\\nFigma로 제작했고 기본적인 UX도 적용했습니다.\\n\\n2021.11.17\\n기존 디자인에서 칸반보드로 수정될 예정입니다.\", \"writer\": \"최신입\", \"message\": \"최신입님께서  My Todo Page의 상세 정보를 변경했습니다.\"}','9794409094659','2021-11-17 16:43:30'),('3106316783342','{\"after\": \"abc [hi](https://www.naver.com)abc [hi](https://www.naver.com)abc [hi](https://www.naver.com)abc [hi](https://www.naver.com)abc [hi](https://www.naver.com)abc [hi](https://www.naver.com)abc [hi](https://www.naver.com)abc [hi](https://www.naver.com)abc [hi](https://www.naver.com)abc [hi](https://www.naver.com)abc [hi](https://www.naver.com)abc [hi](https://www.naver.com)abc [hi](https://www.naver.com)abc [hi](https://www.naver.com)abc [hi](https://www.naver.com)abc [hi](https://www.naver.com)abc [hi](https://www.naver.com)abc [hi](https://www.naver.com)abc [hi](https://www.naver.com)abc [hi](https://www.naver.com)abc [hi](https://www.naver.com)abc [hi](https://www.naver.com)abc [hi](https://www.naver.com)abc [hi](https://www.naver.com)abc [hi](https://www.naver.com)abc [hi](https://www.naver.com)abc [hi](https://www.naver.com)abc [hi](https://www.naver.com)abc [hi](https://www.naver.com)abc [hi](https://www.naver.com)abc [hi](https://www.naver.com)abc [hi](https://www.naver.com)\", \"before\": \"abc [hi](https://www.naver.com)\", \"writer\": \"조성표\", \"message\": \"\\\"조성표\\\"가 test2의 상세 정보를 변경했습니다.\"}','6170331109199','2021-11-11 14:05:31'),('3802799675074','{\"after\": \"상세내용을 추가합니다.\\n\\n최신입님 이렇게 작업해주세요.\", \"before\": \"\", \"writer\": \"최신입\", \"message\": \"최신입님께서  My Todo Page의 상세 정보를 생성했습니다.\"}','1674774731429','2021-11-17 23:52:42'),('3836104934288','{\"after\": \"ㅇㄴㅁㅇㅁㄴ\", \"before\": \"\", \"writer\": \"최신입\", \"message\": \"최신입님께서  My Todo Page의 상세 정보를 생성했습니다.\"}','9143568940268','2021-11-18 00:06:28'),('4408118006800','{\"after\": \"dddggdg test\", \"before\": \"dddggdg\", \"writer\": \"최준오\", \"message\": \"\\\"최준오\\\"가 test2의 상세 정보를 변경했습니다.\"}','1657674041905','2021-11-10 14:34:52'),('4914274811869','{\"after\": \"페이지 와이어 프레임 figma 링크 입니다.\\n[내 정보 페이지 와이어 프레임](https://www.figma.com/proto/xIE6D1VuM5My1MrUsrL6Mw/naver?node-id=73%3A2&scaling=scale-down&page-id=0%3A1&starting-point-node-id=4%3A6&show-proto-sidebar=1)\", \"before\": \"페이지 와이어 프레임 figma 링크 입니다.\\n[내 정보 페이지](https://www.figma.com/proto/xIE6D1VuM5My1MrUsrL6Mw/naver?node-id=73%3A2&scaling=scale-down&page-id=0%3A1&starting-point-node-id=4%3A6&show-proto-sidebar=1)\", \"writer\": \"최준오\", \"message\": \"\\\"최준오\\\"가 내 정보 페이지의 상세 정보를 변경했습니다.\"}','0170688734553','2021-11-15 14:57:36'),('5001967993504','{\"after\": \"\", \"before\": \"ㅇㄴㅁㅇㅁㄴ\", \"writer\": \"최신입\", \"message\": \"최신입님께서 My Todo Page의 상세 정보를 삭제했습니다.\"}','9143568940268','2021-11-18 00:06:32'),('5005081084919','{\"after\": \"수정입니다.\\nhttps://jira.ssafy.com/browse/S05P31F001-202\", \"before\": \"https://jira.ssafy.com/browse/S05P31F001-202\", \"writer\": \"조성표\", \"message\": \"조성표님께서  내 할일 수정의 상세 정보를 변경했습니다.\"}','1981363619331','2021-11-17 14:24:30'),('5141311710458','{\"after\": \"\", \"before\": \"테스트\", \"writer\": \"조성표\", \"message\": \"조성표님께서 내 할일 필터 수정의 상세 정보를 삭제했습니다.\"}','9383576146046','2021-11-16 13:56:19'),('5157416054912','{\"after\": \"지라 이슈입니다.\\nhttps://jira.ssafy.com/browse/S05P31F001-180\", \"before\": \"지라 이슈입니다.\\nhttps://jira.ssafy.com/browse/S05P21C101-161\", \"writer\": \"조성표\", \"message\": \"\\\"조성표\\\"가 내 정보 페이지의 상세 정보를 변경했습니다.\"}','6193151052225','2021-11-14 14:00:48'),('5454340194406','{\"after\": \"내 할 일 세부 내용 추가 테스트\", \"before\": \"\", \"writer\": \"최준오\", \"message\": \"최준오님께서  내 할일 페이지에서 할일 추가의 상세 정보를 생성했습니다.\"}','3327470853351','2021-11-17 14:31:02'),('6334494914314','{\"after\": \"[My Todo Design](https://www.figma.com/proto/xIE6D1VuM5My1MrUsrL6Mw/naver?node-id=40%3A605&scaling=scale-down&page-id=0%3A1&starting-point-node-id=4%3A6&show-proto-sidebar=1)\\nMy Todo Page 초기 디자인입니다.\\nFigma로 제작했고 기본적인 UX도 적용했습니다.\", \"before\": \"\", \"writer\": \"최신입\", \"message\": \"최신입님께서  My Todo Page의 상세 정보를 생성했습니다.\"}','9794409094659','2021-11-17 15:52:40'),('6473563747190','{\"after\": \"이미지 오류 내용\\n1. get 요청이 :8080/img/ 이런 식으로 날아가서 controller에서 받지 못하는 문제\\n2. memberId 를 null로 초기 값을 주는 것으로 해결\", \"before\": \"\", \"writer\": \"최준오\", \"message\": \"최준오님께서  상세 페이지 이미지 오류 해결의 상세 정보를 생성했습니다.\"}','1166852768210','2021-11-15 17:30:14'),('7080889993247','{\"after\": \"테스트\", \"before\": \"\", \"writer\": \"조성표\", \"message\": \"조성표님께서  내 할일 필터 수정의 상세 정보를 생성했습니다.\"}','9383576146046','2021-11-16 13:56:16'),('8250439808406','{\"after\": \"상세내용을 추가합니다!\\n\\n최신입님 이렇게 작업해주세요.\", \"before\": \"상세내용을 추가합니다.\\n\\n최신입님 이렇게 작업해주세요.\", \"writer\": \"최신입\", \"message\": \"최신입님께서  My Todo Page의 상세 정보를 변경했습니다.\"}','1674774731429','2021-11-18 00:32:43'),('8726138896305','{\"after\": \"gd\\n수정 테스트 하는 중입니다.\", \"before\": \"gd\", \"writer\": \"최준오\", \"message\": \"\\\"최준오\\\"가 test2의 상세 정보를 변경했습니다.\"}','6362986030408','2021-11-10 14:35:30'),('8737826919385','{\"after\": \"내 할 일에서 히스토리 비교하기 버튼 활성화\", \"before\": \"\", \"writer\": \"최준오\", \"message\": \"최준오님께서  내 할일 페이지에서 할일 추가의 상세 정보를 생성했습니다.\"}','5552029228380','2021-11-17 14:25:23'),('9221517767024','{\"after\": \"[My Todo Design](https://www.figma.com/proto/xIE6D1VuM5My1MrUsrL6Mw/naver?node-id=40%3A605&scaling=scale-down&page-id=0%3A1&starting-point-node-id=4%3A6&show-proto-sidebar=1)\\nMy Todo Page 초기 디자인입니다.\\nFigma로 제작했고 기본적인 UX도 적용했습니다.\\n\\n2021.11.17\\n기존 디자인에서 칸반보드로 수정될 예정입니다.\", \"before\": \"[My Todo Design](https://www.figma.com/proto/xIE6D1VuM5My1MrUsrL6Mw/naver?node-id=40%3A605&scaling=scale-down&page-id=0%3A1&starting-point-node-id=4%3A6&show-proto-sidebar=1)\\nMy Todo Page 초기 디자인입니다.\\nFigma로 제작했고 기본적인 UX도 적용했습니다.\\n\\n2021.11.17\\n기존 디자인에서 칸반보드로 수정될 예정입니다.\", \"writer\": \"최신입\", \"message\": \"최신입님께서  My Todo Page의 상세 정보를 변경했습니다.\"}','9794409094659','2021-11-17 16:42:57');
/*!40000 ALTER TABLE `todo_content_record` ENABLE KEYS */;
UNLOCK TABLES;

--
-- Table structure for table `todo_record`
--

DROP TABLE IF EXISTS `todo_record`;
/*!40101 SET @saved_cs_client     = @@character_set_client */;
/*!50503 SET character_set_client = utf8mb4 */;
CREATE TABLE `todo_record` (
  `id` varchar(13) COLLATE utf8mb4_unicode_ci NOT NULL,
  `diff` json NOT NULL,
  `todo_id` varchar(13) COLLATE utf8mb4_unicode_ci NOT NULL,
  `modify_date` datetime NOT NULL DEFAULT CURRENT_TIMESTAMP,
  PRIMARY KEY (`id`),
  KEY `fk_todo_record_todo1_idx` (`todo_id`),
  CONSTRAINT `fk_todo_record_todo1` FOREIGN KEY (`todo_id`) REFERENCES `todo` (`id`)
) ENGINE=InnoDB DEFAULT CHARSET=utf8mb4 COLLATE=utf8mb4_unicode_ci;
/*!40101 SET character_set_client = @saved_cs_client */;

--
-- Dumping data for table `todo_record`
--

LOCK TABLES `todo_record` WRITE;
/*!40000 ALTER TABLE `todo_record` DISABLE KEYS */;
INSERT INTO `todo_record` VALUES ('0010635990760','{\"after\": \"조용일\", \"before\": \"조용일\", \"writer\": \"조용일\", \"message\": \"조용일님께서 해당 할일의 팀을 조용일에서 조성표(으)로 변경했습니다.\\n할일의 담당자가 조용일님에서 조용일님으로 변경되었습니다.\"}','0725144027761','2021-11-12 05:49:52'),('0034484218185','{\"after\": \"조용일\", \"before\": \"조용일\", \"writer\": \"조용일\", \"message\": \"조용일님께서 해당 할일의 팀을 QA에서 Backend(으)로 변경했습니다.\\n할일의 담당자가 조용일님에서 조용일님으로 변경되었습니다.\"}','1231231231235','2021-11-09 08:47:06'),('0037603407794','{\"after\": \"조용일\", \"before\": \"조용일\", \"writer\": \"조용일\", \"message\": \"조용일님께서 해당 할일의 팀을 Backend에서 Frontend(으)로 변경했습니다.\\n할일의 담당자가 조용일님에서 조용일님으로 변경되었습니다.\"}','1231231231235','2021-11-10 06:33:43'),('0059737958272','{\"after\": \"4534534534534\", \"before\": \"2342342342342\", \"writer\": \"조성표\", \"message\": \"조성표님께서 해당 할일의 팀을 Backend에서 QA(으)로 변경했습니다.\"}','1231231231234','2021-11-16 07:54:23'),('0067451018941','{\"message\": \"헤더 지금 위치 클릭시 오류이(가) 생성되었습니다.\"}','0470962531097','2021-11-15 08:47:32'),('0248553032600','{\"after\": \"1672006118693\", \"before\": \"0612049467026\", \"writer\": \"조용일\", \"message\": \"조용일님께서 해당 할일의 팀을 QA에서 Backend(으)로 변경했습니다.\"}','0605106083805','2021-11-18 14:47:10'),('0270970077088','{\"after\": \"접수\", \"before\": \"완료\", \"writer\": \"최광진\", \"message\": \"최광진님께서 상태를 완료에서 접수(으)로 변경했습니다.\"}','1231231231236','2021-11-11 02:32:08'),('0318525920418','{\"after\": \"진행\", \"before\": \"접수\", \"writer\": \"최준오\", \"message\": \"최준오님께서 상태를 접수에서 진행(으)로 변경했습니다.\"}','1108039986951','2021-11-15 07:53:06'),('0350753983064','{\"after\": \"최광진\", \"before\": \"최신입\", \"writer\": \"최신입\", \"message\": \"최신입님께서 해당 할일의 팀을 디자인에서 Backend(으)로 변경했습니다.\\n할일의 담당자가 최신입님에서 최광진님으로 변경되었습니다.\"}','1306190276890','2021-11-17 07:39:21'),('0375580375398','{\"message\": \"팀 할일 페이지 New Todo 로직 수정이(가) 생성되었습니다.\"}','3014468354850','2021-11-15 06:52:33'),('0445686611437','{\"after\": \"조용일\", \"before\": \"\", \"message\": \"할일의 담당자가 조용일님으로 변경되었습니다.\"}','1306190276890','2021-11-17 06:45:37'),('0460200145635','{\"message\": \"이게 보이시나요?이(가) 생성되었습니다.\"}','1989150647969','2021-11-15 01:12:11'),('0467453627385','{\"after\": \"접수\", \"before\": \"진행하지않음\", \"writer\": \"조용일\", \"message\": \"조용일님께서 상태를 진행하지않음에서 접수(으)로 변경했습니다.\"}','1231231231235','2021-11-16 07:53:12'),('0471278109789','{\"after\": \"진행\", \"before\": \"접수\", \"writer\": \"조성표\", \"message\": \"조성표님께서 상태를 접수에서 진행(으)로 변경했습니다.\"}','2542585693467','2021-11-15 07:00:45'),('0474410254123','{\"after\": \"조성표\", \"before\": \"\", \"writer\": \"\", \"message\": \"해당 할일의 팀이 최준오에서 조성표(으)로 변경되었습니다.\\n할일의 담당자가 조성표님으로 변경되었습니다.\"}','3356277371571','2021-11-16 09:46:08'),('0521319963693','{\"after\": \"접수\", \"before\": \"진행\", \"writer\": \"조용일\", \"message\": \"조용일님께서 상태를 진행에서 접수(으)로 변경했습니다.\"}','1231231231235','2021-11-11 02:26:12'),('0531094403361','{\"after\": \"1672006118693\", \"before\": \"0480048658369\", \"writer\": \"최신입\", \"message\": \"최신입님께서 해당 할일의 팀을 디자인에서 Backend(으)로 변경했습니다.\"}','8093188283936','2021-11-17 06:45:52'),('0533266439689','{\"after\": \"완료\", \"before\": \"접수\", \"writer\": \"최광진\", \"message\": \"최광진님께서 상태를 접수에서 완료(으)로 변경했습니다.\"}','9521983104088','2021-11-16 01:00:18'),('0536033741279','{\"after\": \"진행\", \"before\": \"완료\", \"writer\": \"조성표\", \"message\": \"조성표님께서 상태를 완료에서 진행(으)로 변경했습니다.\"}','2542585693467','2021-11-16 04:53:45'),('0572208945664','{\"after\": \"완료\", \"before\": \"진행\", \"writer\": \"최준오\", \"message\": \"최준오님께서 상태를 진행에서 완료(으)로 변경했습니다.\"}','8675258139746','2021-11-15 08:05:47'),('0584405436032','{\"after\": \"접수\", \"before\": \"진행\", \"writer\": \"조용일\", \"message\": \"조용일님께서 상태를 진행에서 접수(으)로 변경했습니다.\"}','1231231231235','2021-11-11 02:24:15'),('0601246629001','{\"after\": \"완료\", \"before\": \"접수\", \"writer\": \"조용일\", \"message\": \"조용일님께서 상태를 접수에서 완료(으)로 변경했습니다.\"}','5237450407311','2021-11-16 04:32:32'),('0624600018983','{\"after\": \"최광진\", \"before\": \"\", \"message\": \"할일의 담당자가 최광진님으로 변경되었습니다.\"}','1306190276890','2021-11-17 07:37:47'),('0625699002072','{\"after\": \"조성표\", \"before\": \"조성표\", \"writer\": \"조성표\", \"message\": \"조성표님께서 해당 할일의 팀을 Backend에서 QA(으)로 변경했습니다.\\n할일의 담당자가 조성표님에서 조성표님으로 변경되었습니다.\"}','1231231231237','2021-11-10 07:35:14'),('0676877093192','{\"after\": \"4534534534534\", \"before\": \"1231231231231\", \"writer\": \"조용일\", \"message\": \"조용일님께서 해당 할일의 팀을 Frontend에서 QA(으)로 변경했습니다.\"}','1231231231235','2021-11-16 07:54:00'),('0677672715363','{\"after\": \"0612049467026\", \"before\": \"1672006118693\", \"writer\": \"\", \"message\": \"해당 할일의 팀이 Backend에서 QA(으)로 변경되었습니다.\"}','0605106083805','2021-11-18 14:47:15'),('0701443039168','{\"after\": \"조용일\", \"before\": \"조용일\", \"writer\": \"조용일\", \"message\": \"조용일님께서 해당 할일의 팀을 제발234에서 Frontend(으)로 변경했습니다.\\n할일의 담당자가 조용일님에서 조용일님으로 변경되었습니다.\"}','1231231231233','2021-11-10 08:43:40'),('0709036627071','{\"after\": \"진행\", \"before\": \"접수\", \"writer\": \"최준오\", \"message\": \"최준오님께서 상태를 접수에서 진행(으)로 변경했습니다.\"}','8252315369921','2021-11-15 07:53:04'),('0710090002456','{\"after\": \"최신입\", \"before\": \"\", \"message\": \"할일의 담당자가 최신입님으로 변경되었습니다.\"}','1306190276890','2021-11-17 06:46:03'),('0775349185760','{\"after\": \"접수\", \"before\": \"완료\", \"writer\": \"최광진\", \"message\": \"최광진님께서 상태를 완료에서 접수(으)로 변경했습니다.\"}','1231231231236','2021-11-11 02:30:56'),('0795712245291','{\"after\": \"조성표\", \"before\": \"조성표\", \"writer\": \"조성표\", \"message\": \"조성표님께서 해당 할일의 팀을 QA에서 Backend(으)로 변경했습니다.\\n할일의 담당자가 조성표님에서 조성표님으로 변경되었습니다.\"}','1231231231231','2021-11-11 07:00:58'),('0825482061800','{\"message\": \"팀간 할일 이동시 담당자 초기화이(가) 생성되었습니다.\"}','4849271755335','2021-11-15 01:13:28'),('0871015566798','{\"after\": \"최광진\", \"before\": \"\", \"message\": \"할일의 담당자가 최광진님으로 변경되었습니다.\"}','9521983104088','2021-11-18 09:59:13'),('0890326576747','{\"message\": \"로그아웃 페이지 수정이(가) 생성되었습니다.\"}','4407241190477','2021-11-15 08:18:37'),('0909033368159','{\"after\": \"완료\", \"before\": \"접수\", \"writer\": \"최준오이름변경\", \"message\": \"최준오이름변경님께서 상태를 접수에서 완료(으)로 변경했습니다.\"}','7288648617237','2021-11-14 15:27:54'),('0920472329520','{\"after\": \"완료\", \"before\": \"진행\", \"writer\": \"조용일\", \"message\": \"조용일님께서 상태를 진행에서 완료(으)로 변경했습니다.\"}','1231231231235','2021-11-11 02:40:18'),('0920976236030','{\"after\": \"0480048658369\", \"before\": \"0612049467026\", \"writer\": \"최준오\", \"message\": \"최준오님께서 해당 할일의 팀을 QA에서 디자인(으)로 변경했습니다.\"}','0605106083805','2021-11-18 10:20:02'),('0930956840394','{\"after\": \"진행하지않음\", \"before\": \"완료\", \"writer\": \"조용일\", \"message\": \"조용일님께서 상태를 완료에서 진행하지않음(으)로 변경했습니다.\"}','1231231231235','2021-11-11 02:41:07'),('0933562149623','{\"after\": \"접수\", \"before\": \"진행\", \"writer\": \"조용일\", \"message\": \"조용일님께서 상태를 진행에서 접수(으)로 변경했습니다.\"}','1231231231235','2021-11-11 02:25:48'),('0947706146546','{\"after\": \"2342342342342\", \"before\": \"4534534534534\", \"writer\": \"\", \"message\": \"해당 할일의 팀이 QA에서 Backend(으)로 변경되었습니다.\"}','1231231231235','2021-11-16 07:54:12'),('0993216448412','{\"after\": \"2342342342342\", \"before\": \"1231231231231\", \"writer\": \"\", \"message\": \"해당 할일의 팀이 Frontend에서 Backend(으)로 변경되었습니다.\"}','1231231231234','2021-11-16 08:14:19'),('1054762328236','{\"message\": \"팀 수정 기능 추가이(가) 생성되었습니다.\"}','9521983104088','2021-11-15 10:55:12'),('1082664605478','{\"after\": \"진행\", \"before\": \"완료\", \"writer\": \"조성표\", \"message\": \"조성표님께서 상태를 완료에서 진행(으)로 변경했습니다.\"}','3356277371571','2021-11-16 09:46:15'),('1101211376766','{\"after\": \"조성표\", \"before\": \"조성표\", \"writer\": \"조성표\", \"message\": \"조성표님께서 해당 할일의 팀을 인사에서 Backend(으)로 변경했습니다.\\n할일의 담당자가 조성표님에서 조성표님으로 변경되었습니다.\"}','1231231231231','2021-11-11 07:06:29'),('1116553020565','{\"after\": \"완료\", \"before\": \"진행\", \"writer\": \"조용일\", \"message\": \"조용일님께서 상태를 진행에서 완료(으)로 변경했습니다.\"}','4611964838058','2021-11-16 07:53:15'),('1167000116768','{\"after\": \"진행\", \"before\": \"접수\", \"writer\": \"최광진\", \"message\": \"최광진님께서 상태를 접수에서 진행(으)로 변경했습니다.\"}','3004817931969','2021-11-16 07:52:44'),('1187788263061','{\"after\": \"접수\", \"before\": \"진행\", \"writer\": \"최광진\", \"message\": \"최광진님께서 상태를 진행에서 접수(으)로 변경했습니다.\"}','1306190276890','2021-11-18 00:33:15'),('1192715003977','{\"message\": \"Stomp 전체 수정이(가) 생성되었습니다.\"}','5237450407311','2021-11-16 04:32:20'),('1193429872147','{\"after\": \"8915234789531\", \"before\": \"4534534534534\", \"writer\": \"최광진\", \"message\": \"최광진님께서 해당 할일의 팀을 QA에서 인사(으)로 변경했습니다.\"}','8030622561490','2021-11-16 07:50:33'),('1283342617248','{\"after\": \"0480048658369\", \"before\": \"1672006118693\", \"writer\": \"조용일\", \"message\": \"조용일님께서 해당 할일의 팀을 Backend에서 디자인(으)로 변경했습니다.\"}','3583624108515','2021-11-18 11:03:00'),('1315392515568','{\"after\": \"조성표\", \"before\": \"조성표\", \"writer\": \"조성표\", \"message\": \"조성표님께서 해당 할일의 팀을 Backend에서 인사(으)로 변경했습니다.\\n할일의 담당자가 조성표님에서 조성표님으로 변경되었습니다.\"}','1231231231231','2021-11-11 07:06:25'),('1323967661894','{\"after\": \"진행\", \"before\": \"접수\", \"writer\": \"조성표\", \"message\": \"조성표님께서 상태를 접수에서 진행(으)로 변경했습니다.\"}','4407241190477','2021-11-15 08:18:41'),('1365638658025','{\"message\": \"상세 추가 알림이(가) 생성되었습니다.\"}','8252315369921','2021-11-15 07:05:39'),('1369754654843','{\"after\": \"접수\", \"before\": \"진행\", \"writer\": \"조용일\", \"message\": \"조용일님께서 상태를 진행에서 접수(으)로 변경했습니다.\"}','1231231231235','2021-11-11 02:40:53'),('1372033649941','{\"after\": \"완료\", \"before\": \"완료\", \"writer\": \"최광진\", \"message\": \"최광진님께서 상태를 완료에서 완료(으)로 변경했습니다.\"}','1231231231236','2021-11-11 02:30:23'),('1404051449829','{\"after\": \"조성표\", \"before\": \"조성표\", \"writer\": \"조성표\", \"message\": \"조성표님께서 해당 할일의 팀을 제발되어라에서 Backend(으)로 변경했습니다.\\n할일의 담당자가 조성표님에서 조성표님으로 변경되었습니다.\"}','1231231231237','2021-11-10 15:11:27'),('1423567482740','{\"after\": \"진행\", \"before\": \"접수\", \"writer\": \"최신입\", \"message\": \"최신입님께서 상태를 접수에서 진행(으)로 변경했습니다.\"}','1306190276890','2021-11-17 06:45:06'),('1463865619695','{\"after\": \"조용일\", \"before\": \"조용일\", \"writer\": \"조용일\", \"message\": \"조용일님께서 해당 할일의 팀을 제발되어라에서 Frontend(으)로 변경했습니다.\\n할일의 담당자가 조용일님에서 조용일님으로 변경되었습니다.\"}','1231231231233','2021-11-10 08:43:45'),('1476789766858','{\"after\": \"2342342342342\", \"before\": \"1231231231231\", \"writer\": \"조용일\", \"message\": \"조용일님께서 해당 할일의 팀을 Frontend에서 Backend(으)로 변경했습니다.\"}','1231231231233','2021-11-16 07:50:46'),('1528669710759','{\"after\": \"조용일\", \"before\": \"조용일\", \"writer\": \"조용일\", \"message\": \"조용일님께서 해당 할일의 팀을 조성표에서 조용일(으)로 변경했습니다.\\n할일의 담당자가 조용일님에서 조용일님으로 변경되었습니다.\"}','0725144027761','2021-11-12 05:49:50'),('1609482999648','{\"after\": \"접수\", \"before\": \"진행\", \"writer\": \"조성표\", \"message\": \"조성표님께서 상태를 진행에서 접수(으)로 변경했습니다.\"}','4407241190477','2021-11-15 08:18:44'),('1613437340938','{\"after\": \"New\", \"before\": \"접수\", \"writer\": \"admin\", \"message\": \"admin님께서 상태를 접수에서 New(으)로 변경했습니다.\"}','7711217607163','2021-11-15 06:22:17'),('1659577133414','{\"after\": \"진행\", \"before\": \"New\", \"writer\": \"admin\", \"message\": \"admin님께서 상태를 New에서 진행(으)로 변경했습니다.\"}','7711217607163','2021-11-15 06:22:18'),('1689858675423','{\"after\": \"최광진\", \"before\": \"조성표\", \"writer\": \"조성표\", \"message\": \"조성표님께서 해당 할일의 팀을 조성표에서 최광진(으)로 변경했습니다.\\n할일의 담당자가 조성표님에서 최광진님으로 변경되었습니다.\"}','1128168460949','2021-11-14 06:59:50'),('1690501525950','{\"message\": \"완료 프로젝트 페이지이(가) 생성되었습니다.\"}','1128168460949','2021-11-14 06:45:09'),('1704520907398','{\"after\": \"완료\", \"before\": \"접수\", \"writer\": \"조성표\", \"message\": \"조성표님께서 상태를 접수에서 완료(으)로 변경했습니다.\"}','2542585693467','2021-11-17 01:59:14'),('1772482312140','{\"after\": \"2342342342342\", \"before\": \"1231231231231\", \"writer\": \"\", \"message\": \"해당 할일의 팀이 Frontend에서 Backend(으)로 변경되었습니다.\"}','1231231231234','2021-11-16 08:14:13'),('1799621883003','{\"message\": \"테스트이(가) 생성되었습니다.\"}','7329692972070','2021-11-12 01:58:57'),('1852002770796','{\"after\": \"완료\", \"before\": \"접수\", \"writer\": \"조용일\", \"message\": \"조용일님께서 상태를 접수에서 완료(으)로 변경했습니다.\"}','0725144027761','2021-11-14 11:54:50'),('1856648747206','{\"after\": \"조성표\", \"before\": \"조성표\", \"writer\": \"조성표\", \"message\": \"조성표님께서 해당 할일의 팀을 Backend에서 QA(으)로 변경했습니다.\\n할일의 담당자가 조성표님에서 조성표님으로 변경되었습니다.\"}','1231231231231','2021-11-12 08:50:47'),('1871838756263','{\"after\": \"진행하지않음\", \"before\": \"완료\", \"writer\": \"admin\", \"message\": \"admin님께서 상태를 완료에서 진행하지않음(으)로 변경했습니다.\"}','7711217607163','2021-11-15 06:22:19'),('1945767308903','{\"after\": \"접수\", \"before\": \"진행\", \"writer\": \"조용일\", \"message\": \"조용일님께서 상태를 진행에서 접수(으)로 변경했습니다.\"}','1231231231235','2021-11-11 02:21:22'),('1948530352041','{\"after\": \"최준오\", \"before\": \"최준오\", \"writer\": \"최준오\", \"message\": \"최준오님께서 해당 할일의 팀을 Frontend에서 Backend(으)로 변경했습니다.\\n할일의 담당자가 최준오님에서 최준오님으로 변경되었습니다.\"}','1231231231232','2021-11-11 06:38:06'),('1954916141898','{\"after\": \"조용일\", \"before\": \"조성표\", \"writer\": \"조성표\", \"message\": \"조성표님께서 해당 할일의 팀을 조성표에서 조용일(으)로 변경했습니다.\\n할일의 담당자가 조성표님에서 조용일님으로 변경되었습니다.\"}','7288648617237','2021-11-12 06:37:35'),('2014088348602','{\"after\": \"New\", \"before\": \"접수\", \"writer\": \"조성표\", \"message\": \"조성표님께서 상태를 접수에서 New(으)로 변경했습니다.\"}','1231231231237','2021-11-11 07:05:31'),('2017318622201','{\"after\": \"진행\", \"before\": \"접수\", \"writer\": \"최광진\", \"message\": \"최광진님께서 상태를 접수에서 진행(으)로 변경했습니다.\"}','1306190276890','2021-11-18 00:33:10'),('2032090724059','{\"after\": \"2342342342342\", \"before\": \"1231231231231\", \"writer\": \"\", \"message\": \"해당 할일의 팀이 Frontend에서 Backend(으)로 변경되었습니다.\"}','1231231231234','2021-11-16 08:14:16'),('2035881653345','{\"after\": \"접수\", \"before\": \"진행\", \"writer\": \"조용일\", \"message\": \"조용일님께서 상태를 진행에서 접수(으)로 변경했습니다.\"}','1231231231235','2021-11-11 02:19:57'),('2039534038936','{\"after\": \"1231231231231\", \"before\": \"0481585671078\", \"writer\": \"\", \"message\": \"해당 할일의 팀이 테스트에서 Frontend(으)로 변경되었습니다.\"}','1231231231232','2021-11-16 07:54:03'),('2124732409924','{\"after\": \"완료\", \"before\": \"진행\", \"writer\": \"조용일\", \"message\": \"조용일님께서 상태를 진행에서 완료(으)로 변경했습니다.\"}','5484009169815','2021-11-16 04:31:47'),('2147339266009','{\"after\": \"최준오\", \"before\": \"\", \"message\": \"할일의 담당자가 최준오님으로 변경되었습니다.\"}','7116670400763','2021-11-16 01:02:28'),('2160217129180','{\"after\": \"조용일\", \"before\": \"조용일\", \"writer\": \"조용일\", \"message\": \"조용일님께서 해당 할일의 팀을 조용일에서 조성표(으)로 변경했습니다.\\n할일의 담당자가 조용일님에서 조용일님으로 변경되었습니다.\"}','0725144027761','2021-11-12 05:49:31'),('2224469585989','{\"after\": \"진행\", \"before\": \"접수\", \"writer\": \"최준오\", \"message\": \"최준오님께서 상태를 접수에서 진행(으)로 변경했습니다.\"}','7116670400763','2021-11-15 07:06:19'),('2228557444348','{\"after\": \"3510382335332\", \"before\": \"3384984280691\", \"writer\": \"최준오\", \"message\": \"최준오님께서 해당 할일의 팀을 최준오에서 최광진(으)로 변경했습니다.\"}','7116670400763','2021-11-16 01:02:16'),('2242463010335','{\"after\": \"1231231231231\", \"before\": \"0481585671078\", \"writer\": \"\", \"message\": \"해당 할일의 팀이 테스트에서 Frontend(으)로 변경되었습니다.\"}','4611964838058','2021-11-16 09:21:34'),('2266584548533','{\"after\": \"조용일\", \"before\": \"최광진\", \"message\": \"할일의 담당자가 최광진님에서 조용일님으로 변경되었습니다.\"}','3004817931969','2021-11-16 01:05:09'),('2282013577726','{\"after\": \"진행\", \"before\": \"접수\", \"writer\": \"조용일\", \"message\": \"조용일님께서 상태를 접수에서 진행(으)로 변경했습니다.\"}','3585232496905','2021-11-14 14:30:30'),('2291584913492','{\"after\": \"접수\", \"before\": \"진행\", \"writer\": \"조용일\", \"message\": \"조용일님께서 상태를 진행에서 접수(으)로 변경했습니다.\"}','1231231231235','2021-11-11 02:19:51'),('2355220984721','{\"after\": \"진행\", \"before\": \"접수\", \"writer\": \"조용일\", \"message\": \"조용일님께서 상태를 접수에서 진행(으)로 변경했습니다.\"}','7178540592827','2021-11-16 04:31:49'),('2375162047574','{\"after\": \"조용일\", \"before\": \"\", \"writer\": \"\", \"message\": \"해당 할일의 팀이 QA에서 Backend(으)로 변경되었습니다.\\n할일의 담당자가 조용일님으로 변경되었습니다.\"}','0605106083805','2021-11-18 14:47:51'),('2434045606461','{\"after\": \"진행\", \"before\": \"완료\", \"writer\": \"최준오\", \"message\": \"최준오님께서 상태를 완료에서 진행(으)로 변경했습니다.\"}','1108039986951','2021-11-15 08:30:30'),('2471142994686','{\"after\": \"조성표\", \"before\": \"조용일\", \"writer\": \"조용일\", \"message\": \"조용일님께서 해당 할일의 팀을 조용일에서 조성표(으)로 변경했습니다.\\n할일의 담당자가 조용일님에서 조성표님으로 변경되었습니다.\"}','7288648617237','2021-11-12 06:38:11'),('2475490792308','{\"after\": \"0481585671078\", \"before\": \"2342342342342\", \"writer\": \"최준오\", \"message\": \"최준오님께서 해당 할일의 팀을 Backend에서 테스트(으)로 변경했습니다.\"}','1231231231232','2021-11-15 11:34:30'),('2498075354755','{\"after\": \"진행\", \"before\": \"완료\", \"writer\": \"최광진\", \"message\": \"최광진님께서 상태를 완료에서 진행(으)로 변경했습니다.\"}','1231231231236','2021-11-11 02:29:12'),('2531464078060','{\"after\": \"New\", \"before\": \"접수\", \"writer\": \"조용일\", \"message\": \"조용일님께서 상태를 접수에서 New(으)로 변경했습니다.\"}','1231231231235','2021-11-11 02:40:57'),('2601373950002','{\"after\": \"접수\", \"before\": \"진행\", \"writer\": \"조용일\", \"message\": \"조용일님께서 상태를 진행에서 접수(으)로 변경했습니다.\"}','1231231231235','2021-11-11 02:21:21'),('2646547447893','{\"after\": \"최광진\", \"before\": \"\", \"message\": \"할일의 담당자가 최광진님으로 변경되었습니다.\"}','0334416336911','2021-11-15 10:55:56'),('2682507329112','{\"after\": \"완료\", \"before\": \"진행\", \"writer\": \"최준오\", \"message\": \"최준오님께서 상태를 진행에서 완료(으)로 변경했습니다.\"}','7116670400763','2021-11-15 07:53:02'),('2686219482842','{\"after\": \"조성표\", \"before\": \"조성표\", \"writer\": \"조성표\", \"message\": \"조성표님께서 해당 할일의 팀을 최준오에서 조성표(으)로 변경했습니다.\\n할일의 담당자가 조성표님에서 조성표님으로 변경되었습니다.\"}','7288648617237','2021-11-12 05:52:55'),('2784473913249','{\"message\": \"팀 할일 페이지 보내기 디폴트값 설정이(가) 생성되었습니다.\"}','1822011319614','2021-11-15 10:57:48'),('2797357769472','{\"after\": \"진행하지않음\", \"before\": \"완료\", \"writer\": \"최광진\", \"message\": \"최광진님께서 상태를 완료에서 진행하지않음(으)로 변경했습니다.\"}','3297208093431','2021-11-17 13:31:50'),('2804457323462','{\"message\": \"팀 페이지 할일 가져오기 로직연결이(가) 생성되었습니다.\"}','3585232496905','2021-11-14 02:22:24'),('2806999633237','{\"after\": \"조용일\", \"before\": \"조용일\", \"writer\": \"조용일\", \"message\": \"조용일님께서 해당 할일의 팀을 제발되어라에서 Frontend(으)로 변경했습니다.\\n할일의 담당자가 조용일님에서 조용일님으로 변경되었습니다.\"}','1231231231233','2021-11-10 08:44:19'),('2843098217810','{\"after\": \"진행\", \"before\": \"완료\", \"writer\": \"조용일\", \"message\": \"조용일님께서 상태를 완료에서 진행(으)로 변경했습니다.\"}','9088780227914','2021-11-16 07:53:14'),('2856721229111','{\"after\": \"접수\", \"before\": \"진행\", \"writer\": \"조용일\", \"message\": \"조용일님께서 상태를 진행에서 접수(으)로 변경했습니다.\"}','1231231231235','2021-11-11 02:24:25'),('2859099135939','{\"after\": \"0480048658369\", \"before\": \"1672006118693\", \"writer\": \"최광진\", \"message\": \"최광진님께서 해당 할일의 팀을 Backend에서 디자인(으)로 변경했습니다.\"}','8093188283936','2021-11-18 11:02:57'),('2875729712227','{\"after\": \"2342342342342\", \"before\": \"1231231231231\", \"writer\": \"\", \"message\": \"해당 할일의 팀이 Frontend에서 Backend(으)로 변경되었습니다.\"}','1231231231234','2021-11-16 08:14:55'),('2876192945448','{\"after\": \"진행\", \"before\": \"접수\", \"writer\": \"최광진\", \"message\": \"최광진님께서 상태를 접수에서 진행(으)로 변경했습니다.\"}','0833441522181','2021-11-17 07:21:04'),('2889048729198','{\"after\": \"조성표\", \"before\": \"조성표\", \"writer\": \"조성표\", \"message\": \"조성표님께서 해당 할일의 팀을 최준오에서 조성표(으)로 변경했습니다.\\n할일의 담당자가 조성표님에서 조성표님으로 변경되었습니다.\"}','7288648617237','2021-11-14 04:47:57'),('2889451457470','{\"after\": \"진행하지않음\", \"before\": \"접수\", \"writer\": \"최준오\", \"message\": \"최준오님께서 상태를 접수에서 진행하지않음(으)로 변경했습니다.\"}','7609392917795','2021-11-15 11:17:37'),('2908808415663','{\"after\": \"진행\", \"before\": \"완료\", \"writer\": \"최준오\", \"message\": \"최준오님께서 상태를 완료에서 진행(으)로 변경했습니다.\"}','1108039986951','2021-11-15 08:30:45'),('2927824311672','{\"after\": \"조성표\", \"before\": \"조성표\", \"writer\": \"조성표\", \"message\": \"조성표님께서 해당 할일의 팀을 Frontend에서 Backend(으)로 변경했습니다.\\n할일의 담당자가 조성표님에서 조성표님으로 변경되었습니다.\"}','1231231231237','2021-11-10 05:11:42'),('2940013337848','{\"after\": \"진행\", \"before\": \"완료\", \"writer\": \"최광진\", \"message\": \"최광진님께서 상태를 완료에서 진행(으)로 변경했습니다.\"}','1231231231236','2021-11-11 02:26:29'),('2943700140035','{\"after\": \"완료\", \"before\": \"접수\", \"writer\": \"최광진\", \"message\": \"최광진님께서 상태를 접수에서 완료(으)로 변경했습니다.\"}','4862540587539','2021-11-14 08:23:27'),('2948342035539','{\"after\": \"완료\", \"before\": \"진행\", \"writer\": \"최신입\", \"message\": \"최신입님께서 상태를 진행에서 완료(으)로 변경했습니다.\"}','1306190276890','2021-11-17 06:45:07'),('2960838450693','{\"message\": \"프로젝트 수정 기능 추가이(가) 생성되었습니다.\"}','3297208093431','2021-11-15 10:55:26'),('2962361911607','{\"after\": \"진행\", \"before\": \"완료\", \"writer\": \"조용일\", \"message\": \"조용일님께서 상태를 완료에서 진행(으)로 변경했습니다.\"}','9548989564537','2021-11-15 08:36:41'),('2991269977730','{\"after\": \"최광진\", \"before\": \"최광진\", \"writer\": \"최광진\", \"message\": \"최광진님께서 해당 할일의 팀을 QA에서 인사(으)로 변경했습니다.\\n할일의 담당자가 최광진님에서 최광진님으로 변경되었습니다.\"}','1231231231236','2021-11-10 05:11:48'),('3011281380421','{\"after\": \"진행\", \"before\": \"접수\", \"writer\": \"최광진\", \"message\": \"최광진님께서 상태를 접수에서 진행(으)로 변경했습니다.\"}','1306190276890','2021-11-17 14:51:34'),('3037424709473','{\"message\": \"test이(가) 생성되었습니다.\"}','3004817931969','2021-11-11 07:01:18'),('3045237344779','{\"message\": \"할일추가 test2이(가) 생성되었습니다.\"}','9088780227914','2021-11-16 04:35:39'),('3078828324677','{\"after\": \"최준오\", \"before\": \"\", \"writer\": \"\", \"message\": \"해당 할일의 팀이 Backend에서 QA(으)로 변경되었습니다.\\n할일의 담당자가 최준오님으로 변경되었습니다.\"}','0605106083805','2021-11-18 14:47:28'),('3090298178991','{\"after\": \"최준오\", \"before\": \"최준오\", \"writer\": \"최준오\", \"message\": \"최준오님께서 해당 할일의 팀을 제발되어라에서 Frontend(으)로 변경했습니다.\\n할일의 담당자가 최준오님에서 최준오님으로 변경되었습니다.\"}','1231231231232','2021-11-10 15:11:23'),('3091159717710','{\"message\": \"Team Todo Page이(가) 생성되었습니다.\"}','8002087527736','2021-11-17 07:40:15'),('3145425522011','{\"after\": \"최준오\", \"before\": \"최준오\", \"writer\": \"최준오\", \"message\": \"최준오님께서 해당 할일의 팀을 제발되어라에서 Frontend(으)로 변경했습니다.\\n할일의 담당자가 최준오님에서 최준오님으로 변경되었습니다.\"}','1231231231232','2021-11-10 15:11:04'),('3189301410553','{\"after\": \"진행\", \"before\": \"완료\", \"writer\": \"조용일\", \"message\": \"조용일님께서 상태를 완료에서 진행(으)로 변경했습니다.\"}','1231231231235','2021-11-11 02:40:34'),('3228531687810','{\"after\": \"조성표\", \"before\": \"조성표\", \"writer\": \"조성표\", \"message\": \"조성표님께서 해당 할일의 팀을 Backend에서 QA(으)로 변경했습니다.\\n할일의 담당자가 조성표님에서 조성표님으로 변경되었습니다.\"}','1231231231237','2021-11-11 07:28:12'),('3262314796799','{\"after\": \"0612049467026\", \"before\": \"1672006118693\", \"writer\": \"조용일\", \"message\": \"조용일님께서 해당 할일의 팀을 Backend에서 QA(으)로 변경했습니다.\"}','0605106083805','2021-11-18 14:48:09'),('3279760642662','{\"after\": \"진행\", \"before\": \"완료\", \"writer\": \"최광진\", \"message\": \"최광진님께서 상태를 완료에서 진행(으)로 변경했습니다.\"}','1306190276890','2021-11-17 15:14:15'),('3324635284466','{\"after\": \"조성표\", \"before\": \"\", \"message\": \"할일의 담당자가 조성표님으로 변경되었습니다.\"}','2542585693467','2021-11-17 01:59:11'),('3353503883617','{\"after\": \"최준오\", \"before\": \"최준오\", \"writer\": \"최준오\", \"message\": \"최준오님께서 해당 할일의 팀을 제발되어라에서 Frontend(으)로 변경했습니다.\\n할일의 담당자가 최준오님에서 최준오님으로 변경되었습니다.\"}','1231231231232','2021-11-10 08:41:10'),('3458964790329','{\"after\": \"진행\", \"before\": \"완료\", \"writer\": \"최광진\", \"message\": \"최광진님께서 상태를 완료에서 진행(으)로 변경했습니다.\"}','1231231231236','2021-11-11 02:29:29'),('3462947377274','{\"after\": \"완료\", \"before\": \"접수\", \"writer\": \"조성표\", \"message\": \"조성표님께서 상태를 접수에서 완료(으)로 변경했습니다.\"}','3356277371571','2021-11-16 09:46:10'),('3470375571369','{\"after\": \"완료\", \"before\": \"진행\", \"writer\": \"조성표\", \"message\": \"조성표님께서 상태를 진행에서 완료(으)로 변경했습니다.\"}','4262938499100','2021-11-15 06:58:29'),('3480618209913','{\"after\": \"진행\", \"before\": \"완료\", \"writer\": \"최광진\", \"message\": \"최광진님께서 상태를 완료에서 진행(으)로 변경했습니다.\"}','1231231231236','2021-11-11 02:30:40'),('3492596738770','{\"after\": \"접수\", \"before\": \"진행\", \"writer\": \"조용일\", \"message\": \"조용일님께서 상태를 진행에서 접수(으)로 변경했습니다.\"}','1231231231235','2021-11-11 02:19:53'),('3494217920779','{\"after\": \"조용일\", \"before\": \"\", \"message\": \"할일의 담당자가 조용일님으로 변경되었습니다.\"}','1231231231233','2021-11-16 07:56:37'),('3529560816982','{\"after\": \"6699469156234\", \"before\": \"4074658590480\", \"writer\": \"\", \"message\": \"해당 할일의 팀이 Frontend에서 test(으)로 변경되었습니다.\"}','9889994441634','2021-11-18 15:05:47'),('3593778099779','{\"after\": \"접수\", \"before\": \"New\", \"writer\": \"조성표\", \"message\": \"조성표님께서 상태를 New에서 접수(으)로 변경했습니다.\"}','1231231231237','2021-11-11 07:05:32'),('3594190426459','{\"after\": \"1672006118693\", \"before\": \"0480048658369\", \"writer\": \"최신입\", \"message\": \"최신입님께서 해당 할일의 팀을 디자인에서 Backend(으)로 변경했습니다.\"}','1306190276890','2021-11-17 06:45:24'),('3619677792880','{\"after\": \"New\", \"before\": \"진행\", \"writer\": \"조용일\", \"message\": \"조용일님께서 상태를 진행에서 New(으)로 변경했습니다.\"}','1231231231235','2021-11-11 02:19:56'),('3634927210261','{\"after\": \"진행\", \"before\": \"완료\", \"writer\": \"최광진\", \"message\": \"최광진님께서 상태를 완료에서 진행(으)로 변경했습니다.\"}','2738905279381','2021-11-17 13:31:54'),('3687438552258','{\"after\": \"접수\", \"before\": \"진행\", \"writer\": \"최광진\", \"message\": \"최광진님께서 상태를 진행에서 접수(으)로 변경했습니다.\"}','1306190276890','2021-11-17 14:52:08'),('3721625704339','{\"after\": \"조용일\", \"before\": \"조용일\", \"writer\": \"조용일\", \"message\": \"조용일님께서 해당 할일의 팀을 Frontend에서 제발되어라(으)로 변경했습니다.\\n할일의 담당자가 조용일님에서 조용일님으로 변경되었습니다.\"}','1231231231233','2021-11-10 08:43:43'),('3739216761709','{\"after\": \"진행\", \"before\": \"접수\", \"writer\": \"최준오\", \"message\": \"최준오님께서 상태를 접수에서 진행(으)로 변경했습니다.\"}','1108039986951','2021-11-15 08:32:02'),('3783933743451','{\"after\": \"2342342342342\", \"before\": \"4534534534534\", \"writer\": \"최광진\", \"message\": \"최광진님께서 해당 할일의 팀을 QA에서 Backend(으)로 변경했습니다.\"}','8056014304350','2021-11-16 07:50:35'),('3809171926802','{\"after\": \"완료\", \"before\": \"진행\", \"writer\": \"조용일\", \"message\": \"조용일님께서 상태를 진행에서 완료(으)로 변경했습니다.\"}','9088780227914','2021-11-17 07:29:34'),('3826492974487','{\"message\": \"내 할일 추가 tcp이(가) 생성되었습니다.\"}','7178540592827','2021-11-15 01:12:59'),('3826658161956','{\"after\": \"1672006118693\", \"before\": \"0480048658369\", \"writer\": \"최신입\", \"message\": \"최신입님께서 해당 할일의 팀을 디자인에서 Backend(으)로 변경했습니다.\"}','1306190276890','2021-11-17 07:38:59'),('3833444002667','{\"after\": \"완료\", \"before\": \"진행\", \"writer\": \"조성표\", \"message\": \"조성표님께서 상태를 진행에서 완료(으)로 변경했습니다.\"}','2542585693467','2021-11-15 07:14:01'),('3840448939532','{\"after\": \"완료\", \"before\": \"진행\", \"writer\": \"최광진\", \"message\": \"최광진님께서 상태를 진행에서 완료(으)로 변경했습니다.\"}','1306190276890','2021-11-17 15:06:43'),('3842658813661','{\"after\": \"완료\", \"before\": \"접수\", \"writer\": \"최준오\", \"message\": \"최준오님께서 상태를 접수에서 완료(으)로 변경했습니다.\"}','7116670400763','2021-11-17 05:51:26'),('3852029326083','{\"after\": \"완료\", \"before\": \"접수\", \"writer\": \"조용일\", \"message\": \"조용일님께서 상태를 접수에서 완료(으)로 변경했습니다.\"}','9088780227914','2021-11-16 07:53:13'),('3955715956768','{\"after\": \"최준오\", \"before\": \"최준오\", \"writer\": \"최준오\", \"message\": \"최준오님께서 해당 할일의 팀을 제발되어라에서 Frontend(으)로 변경했습니다.\\n할일의 담당자가 최준오님에서 최준오님으로 변경되었습니다.\"}','1231231231232','2021-11-10 08:41:05'),('3993966791664','{\"after\": \"New\", \"before\": \"완료\", \"writer\": \"조성표\", \"message\": \"조성표님께서 상태를 완료에서 New(으)로 변경했습니다.\"}','2542585693467','2021-11-17 01:58:51'),('4016483487771','{\"after\": \"완료\", \"before\": \"진행\", \"writer\": \"최준오\", \"message\": \"최준오님께서 상태를 진행에서 완료(으)로 변경했습니다.\"}','0470962531097','2021-11-15 11:13:30'),('4019177266356','{\"after\": \"완료\", \"before\": \"진행\", \"writer\": \"조용일\", \"message\": \"조용일님께서 상태를 진행에서 완료(으)로 변경했습니다.\"}','3585232496905','2021-11-15 05:11:53'),('4075246631096','{\"after\": \"2342342342342\", \"before\": \"4534534534534\", \"writer\": \"\", \"message\": \"해당 할일의 팀이 QA에서 Backend(으)로 변경되었습니다.\"}','1231231231234','2021-11-16 07:55:30'),('4119574480504','{\"message\": \"할일이 바로 나오나요?이(가) 생성되었습니다.\"}','7609392917795','2021-11-15 01:10:39'),('4153462708659','{\"after\": \"최준오\", \"before\": \"최준오\", \"writer\": \"최준오\", \"message\": \"최준오님께서 해당 할일의 팀을 Backend에서 Frontend(으)로 변경했습니다.\\n할일의 담당자가 최준오님에서 최준오님으로 변경되었습니다.\"}','1231231231232','2021-11-09 09:02:24'),('4246224599558','{\"message\": \"할일 상세페이지 즐겨찾기 적용이(가) 생성되었습니다.\"}','4862540587539','2021-11-14 01:41:10'),('4389955530698','{\"after\": \"접수\", \"before\": \"완료\", \"writer\": \"조성표\", \"message\": \"조성표님께서 상태를 완료에서 접수(으)로 변경했습니다.\"}','1231231231237','2021-11-11 07:05:30'),('4396125910755','{\"after\": \"접수\", \"before\": \"진행\", \"writer\": \"조용일\", \"message\": \"조용일님께서 상태를 진행에서 접수(으)로 변경했습니다.\"}','1231231231235','2021-11-11 02:21:14'),('4414498695219','{\"after\": \"진행\", \"before\": \"접수\", \"writer\": \"조성표\", \"message\": \"조성표님께서 상태를 접수에서 진행(으)로 변경했습니다.\"}','6652945752291','2021-11-17 07:24:41'),('4449553193869','{\"after\": \"완료\", \"before\": \"접수\", \"writer\": \"조용일\", \"message\": \"조용일님께서 상태를 접수에서 완료(으)로 변경했습니다.\"}','9548989564537','2021-11-15 08:36:36'),('4458410217741','{\"after\": \"1231231231231\", \"before\": \"2342342342342\", \"writer\": \"\", \"message\": \"해당 할일의 팀이 Backend에서 Frontend(으)로 변경되었습니다.\"}','1231231231234','2021-11-16 08:14:56'),('4458664381127','{\"after\": \"조성표\", \"before\": \"조성표\", \"writer\": \"조성표\", \"message\": \"조성표님께서 해당 할일의 팀을 Backend에서 Backend(으)로 변경했습니다.\\n할일의 담당자가 조성표님에서 조성표님으로 변경되었습니다.\"}','1231231231231','2021-11-10 06:33:33'),('4500286242787','{\"after\": \"최준오\", \"before\": \"최준오\", \"writer\": \"최준오\", \"message\": \"최준오님께서 해당 할일의 팀을 Frontend에서 제발되어라(으)로 변경했습니다.\\n할일의 담당자가 최준오님에서 최준오님으로 변경되었습니다.\"}','1231231231232','2021-11-10 15:11:21'),('4522160317294','{\"after\": \"완료\", \"before\": \"접수\", \"writer\": \"조용일\", \"message\": \"조용일님께서 상태를 접수에서 완료(으)로 변경했습니다.\"}','1231231231233','2021-11-17 07:29:33'),('4598363662964','{\"after\": \"최광진\", \"before\": \"최광진\", \"writer\": \"최광진\", \"message\": \"최광진님께서 해당 할일의 팀을 최광진에서 최준오(으)로 변경했습니다.\\n할일의 담당자가 최광진님에서 최광진님으로 변경되었습니다.\"}','1128168460949','2021-11-15 01:08:49'),('4600218901204','{\"after\": \"완료\", \"before\": \"진행\", \"writer\": \"최광진\", \"message\": \"최광진님께서 상태를 진행에서 완료(으)로 변경했습니다.\"}','1306190276890','2021-11-17 15:14:15'),('4618596034859','{\"after\": \"0612049467026\", \"before\": \"0480048658369\", \"writer\": \"\", \"message\": \"해당 할일의 팀이 디자인에서 QA(으)로 변경되었습니다.\"}','0605106083805','2021-11-18 10:22:52'),('4638594667245','{\"after\": \"조용일\", \"before\": \"조용일\", \"writer\": \"조용일\", \"message\": \"조용일님께서 해당 할일의 팀을 Frontend에서 제발되어라(으)로 변경했습니다.\\n할일의 담당자가 조용일님에서 조용일님으로 변경되었습니다.\"}','1231231231233','2021-11-10 08:44:17'),('4722737087917','{\"after\": \"최준오\", \"before\": \"조성표\", \"writer\": \"조성표\", \"message\": \"조성표님께서 해당 할일의 팀을 조성표에서 최준오(으)로 변경했습니다.\\n할일의 담당자가 조성표님에서 최준오님으로 변경되었습니다.\"}','7288648617237','2021-11-14 04:48:02'),('4775602645333','{\"after\": \"조용일\", \"before\": \"조용일\", \"writer\": \"조용일\", \"message\": \"조용일님께서 해당 할일의 팀을 Frontend에서 제발234(으)로 변경했습니다.\\n할일의 담당자가 조용일님에서 조용일님으로 변경되었습니다.\"}','1231231231233','2021-11-10 08:41:02'),('4778451852776','{\"after\": \"1231231231231\", \"before\": \"2342342342342\", \"writer\": \"\", \"message\": \"해당 할일의 팀이 Backend에서 Frontend(으)로 변경되었습니다.\"}','1231231231234','2021-11-16 08:14:52'),('4807706373289','{\"after\": \"완료\", \"before\": \"접수\", \"writer\": \"조성표\", \"message\": \"조성표님께서 상태를 접수에서 완료(으)로 변경했습니다.\"}','4722924884285','2021-11-15 07:34:45'),('4812274800441','{\"after\": \"조성표\", \"before\": \"\", \"writer\": \"\", \"message\": \"해당 할일의 팀이 Frontend에서 Backend(으)로 변경되었습니다.\\n할일의 담당자가 조성표님으로 변경되었습니다.\"}','1231231231234','2021-11-16 07:51:41'),('4820898661387','{\"after\": \"조성표\", \"before\": \"조성표\", \"writer\": \"조성표\", \"message\": \"조성표님께서 해당 할일의 팀을 Backend에서 QA(으)로 변경했습니다.\\n할일의 담당자가 조성표님에서 조성표님으로 변경되었습니다.\"}','1231231231231','2021-11-11 07:00:49'),('4860109783257','{\"after\": \"4074658590480\", \"before\": \"6699469156234\", \"writer\": \"\", \"message\": \"해당 할일의 팀이 test에서 Frontend(으)로 변경되었습니다.\"}','9889994441634','2021-11-18 15:05:51'),('4869710698299','{\"message\": \"History format 수정이(가) 생성되었습니다.\"}','9548989564537','2021-11-15 06:54:53'),('4929060209731','{\"after\": \"완료\", \"before\": \"진행\", \"writer\": \"최준오\", \"message\": \"최준오님께서 상태를 진행에서 완료(으)로 변경했습니다.\"}','1108039986951','2021-11-15 08:32:03'),('4958699863713','{\"after\": \"최광진\", \"before\": \"최광진\", \"message\": \"할일의 담당자가 최광진님에서 최광진님으로 변경되었습니다.\"}','3004817931969','2021-11-16 01:06:08'),('4991835451908','{\"message\": \"프로젝트 완료 버튼 동적으로 변경하기이(가) 생성되었습니다.\"}','3971183854425','2021-11-16 09:45:05'),('5006853837413','{\"after\": \"진행\", \"before\": \"접수\", \"writer\": \"조용일\", \"message\": \"조용일님께서 상태를 접수에서 진행(으)로 변경했습니다.\"}','8002087527736','2021-11-17 07:53:29'),('5030490192767','{\"after\": \"조용일\", \"before\": \"조성표\", \"writer\": \"조성표\", \"message\": \"조성표님께서 해당 할일의 팀을 조성표에서 조용일(으)로 변경했습니다.\\n할일의 담당자가 조성표님에서 조용일님으로 변경되었습니다.\"}','0725144027761','2021-11-12 06:38:15'),('5078658319028','{\"after\": \"최광진\", \"before\": \"최광진\", \"writer\": \"최광진\", \"message\": \"최광진님께서 해당 할일의 팀을 인사에서 QA(으)로 변경했습니다.\\n할일의 담당자가 최광진님에서 최광진님으로 변경되었습니다.\"}','1231231231234','2021-11-09 11:41:10'),('5084717297299','{\"after\": \"접수\", \"before\": \"진행\", \"writer\": \"조성표\", \"message\": \"조성표님께서 상태를 진행에서 접수(으)로 변경했습니다.\"}','4407241190477','2021-11-15 08:18:46'),('5107864997500','{\"after\": \"4074658590480\", \"before\": \"9785281871490\", \"writer\": \"\", \"message\": \"해당 할일의 팀이 test에서 Frontend(으)로 변경되었습니다.\"}','9889994441634','2021-11-18 15:06:13'),('5111883157284','{\"message\": \"팀 추가이(가) 생성되었습니다.\"}','0605106083805','2021-11-17 07:20:34'),('5118835444445','{\"after\": \"완료\", \"before\": \"접수\", \"writer\": \"최준오\", \"message\": \"최준오님께서 상태를 접수에서 완료(으)로 변경했습니다.\"}','0605106083805','2021-11-17 07:23:38'),('5134193436454','{\"after\": \"조용일\", \"before\": \"조용일\", \"writer\": \"조용일\", \"message\": \"조용일님께서 해당 할일의 팀을 Frontend에서 Backend(으)로 변경했습니다.\\n할일의 담당자가 조용일님에서 조용일님으로 변경되었습니다.\"}','1231231231235','2021-11-10 06:33:44'),('5250998599385','{\"after\": \"9785281871490\", \"before\": \"4074658590480\", \"writer\": \"\", \"message\": \"해당 할일의 팀이 Frontend에서 test(으)로 변경되었습니다.\"}','9889994441634','2021-11-18 15:06:09'),('5366531297512','{\"after\": \"최신입\", \"before\": \"최신입\", \"writer\": \"최신입\", \"message\": \"최신입님께서 해당 할일의 팀을 Frontend에서 제발234(으)로 변경했습니다.\\n할일의 담당자가 최신입님에서 최신입님으로 변경되었습니다.\"}','2996787547936','2021-11-11 02:36:22'),('5385563153108','{\"after\": \"완료\", \"before\": \"진행\", \"writer\": \"조용일\", \"message\": \"조용일님께서 상태를 진행에서 완료(으)로 변경했습니다.\"}','7178540592827','2021-11-16 04:36:16'),('5405342102175','{\"after\": \"0481585671078\", \"before\": \"1231231231231\", \"writer\": \"최광진\", \"message\": \"최광진님께서 해당 할일의 팀을 Frontend에서 테스트(으)로 변경했습니다.\"}','3004817931969','2021-11-16 07:53:33'),('5407059680312','{\"after\": \"진행\", \"before\": \"접수\", \"writer\": \"조용일\", \"message\": \"조용일님께서 상태를 접수에서 진행(으)로 변경했습니다.\"}','5484009169815','2021-11-15 08:36:46'),('5532214343735','{\"after\": \"완료\", \"before\": \"진행\", \"writer\": \"admin\", \"message\": \"admin님께서 상태를 진행에서 완료(으)로 변경했습니다.\"}','7711217607163','2021-11-15 06:22:18'),('5549330716913','{\"after\": \"조용일\", \"before\": \"조용일\", \"writer\": \"조용일\", \"message\": \"조용일님께서 해당 할일의 팀을 Backend에서 Frontend(으)로 변경했습니다.\\n할일의 담당자가 조용일님에서 조용일님으로 변경되었습니다.\"}','1231231231235','2021-11-10 06:33:24'),('5556741142362','{\"after\": \"조성표\", \"before\": \"조성표\", \"writer\": \"조성표\", \"message\": \"조성표님께서 해당 할일의 팀을 Backend에서 Backend(으)로 변경했습니다.\\n할일의 담당자가 조성표님에서 조성표님으로 변경되었습니다.\"}','1231231231237','2021-11-10 06:33:30'),('5562958203497','{\"after\": \"완료\", \"before\": \"New\", \"writer\": \"조용일\", \"message\": \"조용일님께서 상태를 New에서 완료(으)로 변경했습니다.\"}','1231231231235','2021-11-11 02:41:00'),('5578645348895','{\"after\": \"접수\", \"before\": \"진행\", \"writer\": \"최광진\", \"message\": \"최광진님께서 상태를 진행에서 접수(으)로 변경했습니다.\"}','1231231231234','2021-11-11 04:42:54'),('5579350517049','{\"after\": \"완료\", \"before\": \"진행\", \"writer\": \"최준오\", \"message\": \"최준오님께서 상태를 진행에서 완료(으)로 변경했습니다.\"}','1108039986951','2021-11-15 08:30:32'),('5619351890061','{\"after\": \"최준오\", \"before\": \"\", \"message\": \"할일의 담당자가 최준오님으로 변경되었습니다.\"}','0605106083805','2021-11-18 10:23:11'),('5620782789157','{\"after\": \"조성표\", \"before\": \"조성표\", \"writer\": \"조성표\", \"message\": \"조성표님께서 해당 할일의 팀을 QA에서 Backend(으)로 변경했습니다.\\n할일의 담당자가 조성표님에서 조성표님으로 변경되었습니다.\"}','1231231231237','2021-11-11 06:37:37'),('5630331049267','{\"after\": \"접수\", \"before\": \"진행\", \"writer\": \"조용일\", \"message\": \"조용일님께서 상태를 진행에서 접수(으)로 변경했습니다.\"}','1231231231235','2021-11-11 02:21:53'),('5637994205881','{\"message\": \"알림페이지이(가) 생성되었습니다.\"}','3356277371571','2021-11-14 07:23:32'),('5645039983510','{\"message\": \"stomp 새로고침이(가) 생성되었습니다.\"}','2428484212645','2021-11-12 06:38:48'),('5694809669890','{\"after\": \"New\", \"before\": \"완료\", \"writer\": \"조성표\", \"message\": \"조성표님께서 상태를 완료에서 New(으)로 변경했습니다.\"}','1231231231237','2021-11-11 07:05:37'),('5705512908315','{\"after\": \"진행\", \"before\": \"접수\", \"writer\": \"조성표\", \"message\": \"조성표님께서 상태를 접수에서 진행(으)로 변경했습니다.\"}','4262938499100','2021-11-15 06:49:36'),('5708283142572','{\"after\": \"진행\", \"before\": \"완료\", \"writer\": \"최광진\", \"message\": \"최광진님께서 상태를 완료에서 진행(으)로 변경했습니다.\"}','1306190276890','2021-11-17 15:18:48'),('5709610298643','{\"after\": \"완료\", \"before\": \"접수\", \"writer\": \"최준오\", \"message\": \"최준오님께서 상태를 접수에서 완료(으)로 변경했습니다.\"}','8675258139746','2021-11-14 04:51:54'),('5772499374776','{\"after\": \"완료\", \"before\": \"진행\", \"writer\": \"조성표\", \"message\": \"조성표님께서 상태를 진행에서 완료(으)로 변경했습니다.\"}','3356277371571','2021-11-14 08:33:43'),('5777574137071','{\"message\": \"My Todo Page이(가) 생성되었습니다.\"}','1306190276890','2021-11-17 06:44:56'),('5785052641237','{\"after\": \"완료\", \"before\": \"진행\", \"writer\": \"최준오\", \"message\": \"최준오님께서 상태를 진행에서 완료(으)로 변경했습니다.\"}','8252315369921','2021-11-15 08:13:24'),('5859793153290','{\"after\": \"조용일\", \"before\": \"\", \"writer\": \"\", \"message\": \"해당 할일의 팀이 QA에서 Backend(으)로 변경되었습니다.\\n할일의 담당자가 조용일님으로 변경되었습니다.\"}','0605106083805','2021-11-18 14:47:37'),('5913227594790','{\"after\": \"완료\", \"before\": \"접수\", \"writer\": \"최신입\", \"message\": \"최신입님께서 상태를 접수에서 완료(으)로 변경했습니다.\"}','8002087527736','2021-11-17 07:40:21'),('5932479937808','{\"after\": \"1672006118693\", \"before\": \"0480048658369\", \"writer\": \"최신입\", \"message\": \"최신입님께서 해당 할일의 팀을 디자인에서 Backend(으)로 변경했습니다.\"}','1306190276890','2021-11-17 07:37:40'),('5956704332529','{\"after\": \"진행\", \"before\": \"접수\", \"writer\": \"조용일\", \"message\": \"조용일님께서 상태를 접수에서 진행(으)로 변경했습니다.\"}','0605106083805','2021-11-18 10:23:28'),('5982908668674','{\"after\": \"최준오\", \"before\": \"최준오\", \"writer\": \"최준오\", \"message\": \"최준오님께서 해당 할일의 팀을 Frontend에서 제발되어라(으)로 변경했습니다.\\n할일의 담당자가 최준오님에서 최준오님으로 변경되었습니다.\"}','1231231231232','2021-11-10 08:41:08'),('5998441918527','{\"after\": \"2342342342342\", \"before\": \"4534534534534\", \"writer\": \"최광진\", \"message\": \"최광진님께서 해당 할일의 팀을 QA에서 Backend(으)로 변경했습니다.\"}','1231231231236','2021-11-16 07:54:01'),('6028590191819','{\"after\": \"조성표\", \"before\": \"조성표\", \"writer\": \"조성표\", \"message\": \"조성표님께서 해당 할일의 팀을 조성표에서 최준오(으)로 변경했습니다.\\n할일의 담당자가 조성표님에서 조성표님으로 변경되었습니다.\"}','7288648617237','2021-11-14 04:47:49'),('6138835029499','{\"after\": \"진행\", \"before\": \"접수\", \"writer\": \"최준오\", \"message\": \"최준오님께서 상태를 접수에서 진행(으)로 변경했습니다.\"}','6487380618245','2021-11-17 07:23:41'),('6214558209889','{\"after\": \"1231231231231\", \"before\": \"2342342342342\", \"writer\": \"\", \"message\": \"해당 할일의 팀이 Backend에서 Frontend(으)로 변경되었습니다.\"}','1231231231234','2021-11-16 08:14:17'),('6243588288012','{\"after\": \"완료\", \"before\": \"진행\", \"writer\": \"최광진\", \"message\": \"최광진님께서 상태를 진행에서 완료(으)로 변경했습니다.\"}','1822011319614','2021-11-16 09:18:31'),('6245057452860','{\"after\": \"최광진\", \"before\": \"최광진\", \"message\": \"할일의 담당자가 최광진님에서 최광진님으로 변경되었습니다.\"}','3004817931969','2021-11-16 01:04:54'),('6283533253392','{\"after\": \"접수\", \"before\": \"진행\", \"writer\": \"조용일\", \"message\": \"조용일님께서 상태를 진행에서 접수(으)로 변경했습니다.\"}','1231231231235','2021-11-11 02:23:34'),('6285952349255','{\"after\": \"조성표\", \"before\": \"조성표\", \"writer\": \"조성표\", \"message\": \"조성표님께서 해당 할일의 팀을 조성표에서 최준오(으)로 변경했습니다.\\n할일의 담당자가 조성표님에서 조성표님으로 변경되었습니다.\"}','7288648617237','2021-11-12 05:52:54'),('6311006143830','{\"message\": \"팀 추가 시 FE 반응 fix이(가) 생성되었습니다.\"}','0334416336911','2021-11-15 10:55:44'),('6316049499984','{\"after\": \"최신입\", \"before\": \"최신입\", \"writer\": \"최신입\", \"message\": \"최신입님께서 해당 할일의 팀을 제발234에서 Frontend(으)로 변경했습니다.\\n할일의 담당자가 최신입님에서 최신입님으로 변경되었습니다.\"}','2996787547936','2021-11-11 02:36:18'),('6342352148211','{\"after\": \"최광진\", \"before\": \"조용일\", \"message\": \"할일의 담당자가 조용일님에서 최광진님으로 변경되었습니다.\"}','3004817931969','2021-11-16 01:05:17'),('6386157578321','{\"after\": \"3384984280691\", \"before\": \"3510382335332\", \"writer\": \"\", \"message\": \"해당 할일의 팀이 최광진에서 최준오(으)로 변경되었습니다.\"}','7116670400763','2021-11-16 01:02:22'),('6432807882681','{\"message\": \"테스트이(가) 생성되었습니다.\"}','8527551136879','2021-11-11 07:04:32'),('6444330050225','{\"after\": \"3384984280691\", \"before\": \"2803973107549\", \"writer\": \"\", \"message\": \"해당 할일의 팀이 조성표에서 최준오(으)로 변경되었습니다.\"}','3356277371571','2021-11-16 09:46:05'),('6511289955346','{\"after\": \"조성표\", \"before\": \"조성표\", \"writer\": \"조성표\", \"message\": \"조성표님께서 해당 할일의 팀을 QA에서 Backend(으)로 변경했습니다.\\n할일의 담당자가 조성표님에서 조성표님으로 변경되었습니다.\"}','1231231231237','2021-11-10 07:35:20'),('6561615802910','{\"after\": \"완료\", \"before\": \"진행\", \"writer\": \"조용일\", \"message\": \"조용일님께서 상태를 진행에서 완료(으)로 변경했습니다.\"}','9088780227914','2021-11-16 07:53:24'),('6575976604822','{\"after\": \"New\", \"before\": \"접수\", \"writer\": \"최광진\", \"message\": \"최광진님께서 상태를 접수에서 New(으)로 변경했습니다.\"}','3004817931969','2021-11-16 01:05:24'),('6612536848088','{\"message\": \"My Page이(가) 생성되었습니다.\"}','9889994441634','2021-11-17 07:21:41'),('6620177094656','{\"after\": \"1672006118693\", \"before\": \"0612049467026\", \"writer\": \"최준오\", \"message\": \"최준오님께서 해당 할일의 팀을 QA에서 Backend(으)로 변경했습니다.\"}','0605106083805','2021-11-18 14:47:31'),('6645156123127','{\"after\": \"완료\", \"before\": \"접수\", \"writer\": \"조성표\", \"message\": \"조성표님께서 상태를 접수에서 완료(으)로 변경했습니다.\"}','1231231231237','2021-11-11 07:05:36'),('6655375979060','{\"after\": \"조용일\", \"before\": \"조용일\", \"writer\": \"조용일\", \"message\": \"조용일님께서 해당 할일의 팀을 Backend에서 QA(으)로 변경했습니다.\\n할일의 담당자가 조용일님에서 조용일님으로 변경되었습니다.\"}','1231231231235','2021-11-09 08:47:03'),('6664224823582','{\"after\": \"완료\", \"before\": \"진행\", \"writer\": \"조용일\", \"message\": \"조용일님께서 상태를 진행에서 완료(으)로 변경했습니다.\"}','2428484212645','2021-11-15 06:50:10'),('6671523339742','{\"after\": \"New\", \"before\": \"접수\", \"writer\": \"최광진\", \"message\": \"최광진님께서 상태를 접수에서 New(으)로 변경했습니다.\"}','3004817931969','2021-11-16 01:04:56'),('6744475004955','{\"message\": \"내 할일 필터 수정이(가) 생성되었습니다.\"}','2542585693467','2021-11-15 06:58:59'),('6765841981601','{\"after\": \"진행\", \"before\": \"완료\", \"writer\": \"조용일\", \"message\": \"조용일님께서 상태를 완료에서 진행(으)로 변경했습니다.\"}','4611964838058','2021-11-16 07:53:03'),('6768759464090','{\"message\": \"할일 추가 테스트1이(가) 생성되었습니다.\"}','2996787547936','2021-11-11 02:34:46'),('6769893007003','{\"after\": \"완료\", \"before\": \"접수\", \"writer\": \"최광진\", \"message\": \"최광진님께서 상태를 접수에서 완료(으)로 변경했습니다.\"}','2738905279381','2021-11-14 06:05:10'),('6778722170290','{\"message\": \"Alarm 기능이(가) 생성되었습니다.\"}','1582016638994','2021-11-17 07:19:47'),('6797484918337','{\"message\": \"상세정보 변경이(가) 생성되었습니다.\"}','4530714983686','2021-11-17 07:20:56'),('6816568044504','{\"message\": \"상세페이지 상태, 담당자 변경이(가) 생성되었습니다.\"}','0725144027761','2021-11-12 05:49:24'),('6882803987830','{\"after\": \"1672006118693\", \"before\": \"0612049467026\", \"writer\": \"\", \"message\": \"해당 할일의 팀이 QA에서 Backend(으)로 변경되었습니다.\"}','0605106083805','2021-11-18 14:47:17'),('6883330142005','{\"after\": \"New\", \"before\": \"접수\", \"writer\": \"조용일\", \"message\": \"조용일님께서 상태를 접수에서 New(으)로 변경했습니다.\"}','3004817931969','2021-11-16 01:04:18'),('6931456768047','{\"after\": \"진행\", \"before\": \"접수\", \"writer\": \"조용일\", \"message\": \"조용일님께서 상태를 접수에서 진행(으)로 변경했습니다.\"}','1231231231233','2021-11-11 02:23:30'),('6972059430301','{\"after\": \"진행\", \"before\": \"접수\", \"writer\": \"최준오\", \"message\": \"최준오님께서 상태를 접수에서 진행(으)로 변경했습니다.\"}','1231231231232','2021-11-11 05:28:51'),('7017104858456','{\"message\": \"프로젝트 목록이(가) 생성되었습니다.\"}','6652945752291','2021-11-17 07:21:30'),('7024456017665','{\"after\": \"접수\", \"before\": \"진행\", \"writer\": \"조용일\", \"message\": \"조용일님께서 상태를 진행에서 접수(으)로 변경했습니다.\"}','1231231231235','2021-11-11 02:19:54'),('7051110740118','{\"message\": \"할일추가test이(가) 생성되었습니다.\"}','4611964838058','2021-11-16 04:34:01'),('7079946906057','{\"after\": \"진행\", \"before\": \"접수\", \"writer\": \"최준오\", \"message\": \"최준오님께서 상태를 접수에서 진행(으)로 변경했습니다.\"}','0470962531097','2021-11-15 08:47:35'),('7086449741590','{\"after\": \"2342342342342\", \"before\": \"1231231231231\", \"writer\": \"\", \"message\": \"해당 할일의 팀이 Frontend에서 Backend(으)로 변경되었습니다.\"}','1231231231234','2021-11-16 08:14:59'),('7148008665330','{\"after\": \"New\", \"before\": \"접수\", \"writer\": \"최광진\", \"message\": \"최광진님께서 상태를 접수에서 New(으)로 변경했습니다.\"}','3971183854425','2021-11-18 09:59:08'),('7187266699502','{\"after\": \"조성표\", \"before\": \"조성표\", \"writer\": \"조성표\", \"message\": \"조성표님께서 해당 할일의 팀을 Backend에서 제발되어라(으)로 변경했습니다.\\n할일의 담당자가 조성표님에서 조성표님으로 변경되었습니다.\"}','1231231231237','2021-11-10 15:11:25'),('7209435747923','{\"message\": \"내할일 되나용?이(가) 생성되었습니다.\"}','1207489973119','2021-11-12 08:36:49'),('7250735721526','{\"after\": \"최광진\", \"before\": \"\", \"message\": \"할일의 담당자가 최광진님으로 변경되었습니다.\"}','3004817931969','2021-11-16 01:04:29'),('7258588036750','{\"after\": \"조용일\", \"before\": \"조용일\", \"writer\": \"조용일\", \"message\": \"조용일님께서 해당 할일의 팀을 조성표에서 조용일(으)로 변경했습니다.\\n할일의 담당자가 조용일님에서 조용일님으로 변경되었습니다.\"}','0725144027761','2021-11-12 05:49:58'),('7265825813386','{\"after\": \"최준오\", \"before\": \"최준오\", \"writer\": \"최준오\", \"message\": \"최준오님께서 해당 할일의 팀을 Frontend에서 제발되어라(으)로 변경했습니다.\\n할일의 담당자가 최준오님에서 최준오님으로 변경되었습니다.\"}','1231231231232','2021-11-10 15:10:59'),('7271189318248','{\"after\": \"1231231231231\", \"before\": \"2342342342342\", \"writer\": \"\", \"message\": \"해당 할일의 팀이 Backend에서 Frontend(으)로 변경되었습니다.\"}','1231231231234','2021-11-16 08:14:14'),('7281617039008','{\"after\": \"1231231231231\", \"before\": \"2342342342342\", \"writer\": \"\", \"message\": \"해당 할일의 팀이 Backend에서 Frontend(으)로 변경되었습니다.\"}','1231231231234','2021-11-16 08:14:20'),('7342910205923','{\"message\": \"하이이(가) 생성되었습니다.\"}','8030622561490','2021-11-12 01:57:34'),('7378024720176','{\"after\": \"New\", \"before\": \"진행\", \"writer\": \"조용일\", \"message\": \"조용일님께서 상태를 진행에서 New(으)로 변경했습니다.\"}','1231231231235','2021-11-11 02:19:55'),('7425462471935','{\"message\": \"할일 추가 테스트2이(가) 생성되었습니다.\"}','7914541978277','2021-11-11 02:35:00'),('7472783928640','{\"after\": \"최광진\", \"before\": \"최광진\", \"writer\": \"최광진\", \"message\": \"최광진님께서 해당 할일의 팀을 인사에서 QA(으)로 변경했습니다.\\n할일의 담당자가 최광진님에서 최광진님으로 변경되었습니다.\"}','1231231231236','2021-11-09 11:41:09'),('7495759370356','{\"after\": \"0612049467026\", \"before\": \"1672006118693\", \"writer\": \"조용일\", \"message\": \"조용일님께서 해당 할일의 팀을 Backend에서 QA(으)로 변경했습니다.\"}','0605106083805','2021-11-18 14:47:40'),('7541527904469','{\"after\": \"완료\", \"before\": \"진행\", \"writer\": \"조성표\", \"message\": \"조성표님께서 상태를 진행에서 완료(으)로 변경했습니다.\"}','2542585693467','2021-11-16 04:53:48'),('7560519626826','{\"after\": \"최준오\", \"before\": \"최준오\", \"writer\": \"최준오\", \"message\": \"최준오님께서 해당 할일의 팀을 제발234에서 Frontend(으)로 변경했습니다.\\n할일의 담당자가 최준오님에서 최준오님으로 변경되었습니다.\"}','1231231231232','2021-11-10 08:40:43'),('7592015261744','{\"after\": \"1231231231231\", \"before\": \"2342342342342\", \"writer\": \"\", \"message\": \"해당 할일의 팀이 Backend에서 Frontend(으)로 변경되었습니다.\"}','1231231231233','2021-11-16 07:53:59'),('7648587630676','{\"after\": \"조용일\", \"before\": \"\", \"writer\": \"\", \"message\": \"해당 할일의 팀이 테스트에서 Frontend(으)로 변경되었습니다.\\n할일의 담당자가 조용일님으로 변경되었습니다.\"}','4611964838058','2021-11-16 04:35:09'),('7660225171785','{\"after\": \"조용일\", \"before\": \"조용일\", \"writer\": \"조용일\", \"message\": \"조용일님께서 해당 할일의 팀을 Frontend에서 Backend(으)로 변경했습니다.\\n할일의 담당자가 조용일님에서 조용일님으로 변경되었습니다.\"}','1231231231233','2021-11-09 08:47:05'),('7719413449071','{\"after\": \"접수\", \"before\": \"진행\", \"writer\": \"최광진\", \"message\": \"최광진님께서 상태를 진행에서 접수(으)로 변경했습니다.\"}','1306190276890','2021-11-18 00:31:57'),('7720140559655','{\"after\": \"최광진\", \"before\": \"\", \"message\": \"할일의 담당자가 최광진님으로 변경되었습니다.\"}','8093188283936','2021-11-17 06:45:57'),('7747538853745','{\"after\": \"최준오\", \"before\": \"최준오\", \"writer\": \"최준오\", \"message\": \"최준오님께서 해당 할일의 팀을 Frontend에서 제발되어라(으)로 변경했습니다.\\n할일의 담당자가 최준오님에서 최준오님으로 변경되었습니다.\"}','1231231231232','2021-11-10 08:41:04'),('7870719266553','{\"after\": \"접수\", \"before\": \"진행\", \"writer\": \"조용일\", \"message\": \"조용일님께서 상태를 진행에서 접수(으)로 변경했습니다.\"}','1231231231235','2021-11-11 02:19:54'),('7987001636515','{\"after\": \"2803973107549\", \"before\": \"3384984280691\", \"writer\": \"\", \"message\": \"해당 할일의 팀이 최준오에서 조성표(으)로 변경되었습니다.\"}','3356277371571','2021-11-16 09:46:01'),('7993682642472','{\"after\": \"New\", \"before\": \"진행\", \"writer\": \"조용일\", \"message\": \"조용일님께서 상태를 진행에서 New(으)로 변경했습니다.\"}','1231231231235','2021-11-11 02:19:56'),('8022837791428','{\"after\": \"최광진\", \"before\": \"최광진\", \"writer\": \"최광진\", \"message\": \"최광진님께서 해당 할일의 팀을 인사에서 QA(으)로 변경했습니다.\\n할일의 담당자가 최광진님에서 최광진님으로 변경되었습니다.\"}','1231231231236','2021-11-11 06:37:48'),('8070273872664','{\"after\": \"진행\", \"before\": \"완료\", \"writer\": \"조용일\", \"message\": \"조용일님께서 상태를 완료에서 진행(으)로 변경했습니다.\"}','9088780227914','2021-11-16 07:56:24'),('8105199499070','{\"after\": \"조용일\", \"before\": \"조용일\", \"writer\": \"조용일\", \"message\": \"조용일님께서 해당 할일의 팀을 조용일에서 조성표(으)로 변경했습니다.\\n할일의 담당자가 조용일님에서 조용일님으로 변경되었습니다.\"}','0725144027761','2021-11-12 05:50:00'),('8111566764961','{\"after\": \"진행\", \"before\": \"접수\", \"writer\": \"최광진\", \"message\": \"최광진님께서 상태를 접수에서 진행(으)로 변경했습니다.\"}','1822011319614','2021-11-16 01:00:43'),('8172407373530','{\"after\": \"조용일\", \"before\": \"조용일\", \"writer\": \"조용일\", \"message\": \"조용일님께서 해당 할일의 팀을 Frontend에서 제발234(으)로 변경했습니다.\\n할일의 담당자가 조용일님에서 조용일님으로 변경되었습니다.\"}','1231231231233','2021-11-10 08:43:47'),('8193066345228','{\"after\": \"조용일\", \"before\": \"조용일\", \"writer\": \"조용일\", \"message\": \"조용일님께서 해당 할일의 팀을 Frontend에서 Backend(으)로 변경했습니다.\\n할일의 담당자가 조용일님에서 조용일님으로 변경되었습니다.\"}','1231231231235','2021-11-10 06:33:40'),('8224991641859','{\"message\": \"내 할일 페이지에서 할일 추가이(가) 생성되었습니다.\"}','8675258139746','2021-11-12 06:39:57'),('8246756027332','{\"after\": \"조용일\", \"before\": \"조용일\", \"writer\": \"조용일\", \"message\": \"조용일님께서 해당 할일의 팀을 Backend에서 Frontend(으)로 변경했습니다.\\n할일의 담당자가 조용일님에서 조용일님으로 변경되었습니다.\"}','1231231231233','2021-11-10 05:11:46'),('8247783119705','{\"after\": \"3384984280691\", \"before\": \"2803973107549\", \"writer\": \"조성표\", \"message\": \"조성표님께서 해당 할일의 팀을 조성표에서 최준오(으)로 변경했습니다.\"}','3356277371571','2021-11-16 09:46:00'),('8272243822089','{\"after\": \"접수\", \"before\": \"진행\", \"writer\": \"조용일\", \"message\": \"조용일님께서 상태를 진행에서 접수(으)로 변경했습니다.\"}','1231231231235','2021-11-11 02:21:24'),('8305003765631','{\"after\": \"최신입\", \"before\": \"\", \"message\": \"할일의 담당자가 최신입님으로 변경되었습니다.\"}','1306190276890','2021-11-17 07:38:24'),('8327245416545','{\"message\": \"할 일 추가이(가) 생성되었습니다.\"}','6487380618245','2021-11-17 07:20:26'),('8446648975401','{\"message\": \"최광진 새할일이(가) 생성되었습니다.\"}','8056014304350','2021-11-15 01:11:35'),('8452815421889','{\"after\": \"최준오\", \"before\": \"최준오\", \"writer\": \"최준오\", \"message\": \"최준오님께서 해당 할일의 팀을 Frontend에서 제발234(으)로 변경했습니다.\\n할일의 담당자가 최준오님에서 최준오님으로 변경되었습니다.\"}','1231231231232','2021-11-10 08:40:37'),('8480968866821','{\"after\": \"조성표\", \"before\": \"조성표\", \"writer\": \"조성표\", \"message\": \"조성표님께서 해당 할일의 팀을 Frontend에서 Backend(으)로 변경했습니다.\\n할일의 담당자가 조성표님에서 조성표님으로 변경되었습니다.\"}','1231231231231','2021-11-09 11:40:59'),('8490318075343','{\"after\": \"0612049467026\", \"before\": \"1672006118693\", \"writer\": \"\", \"message\": \"해당 할일의 팀이 Backend에서 QA(으)로 변경되었습니다.\"}','0605106083805','2021-11-18 14:47:33'),('8552061471605','{\"after\": \"진행\", \"before\": \"진행\", \"writer\": \"조용일\", \"message\": \"조용일님께서 상태를 진행에서 진행(으)로 변경했습니다.\"}','1231231231235','2021-11-11 02:19:45'),('8576730399012','{\"message\": \"로그아웃이(가) 생성되었습니다.\"}','4722924884285','2021-11-15 07:34:41'),('8590557496834','{\"message\": \"내 할일 수정이(가) 생성되었습니다.\"}','4262938499100','2021-11-15 06:49:32'),('8671491689899','{\"message\": \"Test2이(가) 생성되었습니다.\"}','8845135596477','2021-11-15 05:23:56'),('8672116920464','{\"after\": \"진행\", \"before\": \"접수\", \"writer\": \"최광진\", \"message\": \"최광진님께서 상태를 접수에서 진행(으)로 변경했습니다.\"}','1306190276890','2021-11-17 15:04:43'),('8686933786813','{\"message\": \"New Todo 이동 로직 수정이(가) 생성되었습니다.\"}','5484009169815','2021-11-15 06:51:02'),('8711053747509','{\"after\": \"완료\", \"before\": \"접수\", \"writer\": \"조용일\", \"message\": \"조용일님께서 상태를 접수에서 완료(으)로 변경했습니다.\"}','3014468354850','2021-11-15 08:36:47'),('8732798097428','{\"message\": \"내 정보 페이지이(가) 생성되었습니다.\"}','7288648617237','2021-11-12 05:48:57'),('8763614989381','{\"after\": \"조용일\", \"before\": \"조용일\", \"writer\": \"조용일\", \"message\": \"조용일님께서 해당 할일의 팀을 제발234에서 Frontend(으)로 변경했습니다.\\n할일의 담당자가 조용일님에서 조용일님으로 변경되었습니다.\"}','1231231231233','2021-11-10 08:43:50'),('8765277551590','{\"after\": \"조용일\", \"before\": \"조용일\", \"writer\": \"조용일\", \"message\": \"조용일님께서 해당 할일의 팀을 조성표에서 조용일(으)로 변경했습니다.\\n할일의 담당자가 조용일님에서 조용일님으로 변경되었습니다.\"}','0725144027761','2021-11-12 05:50:09'),('8772376706635','{\"after\": \"조용일\", \"before\": \"조용일\", \"message\": \"할일의 담당자가 조용일님에서 조용일님으로 변경되었습니다.\"}','3004817931969','2021-11-16 01:03:57'),('8792920406942','{\"message\": \"Test이(가) 생성되었습니다.\"}','7711217607163','2021-11-15 05:23:51'),('8798203367041','{\"after\": \"진행\", \"before\": \"완료\", \"writer\": \"최준오\", \"message\": \"최준오님께서 상태를 완료에서 진행(으)로 변경했습니다.\"}','8675258139746','2021-11-15 08:05:46'),('8820609235022','{\"after\": \"조성표\", \"before\": \"조성표\", \"writer\": \"조성표\", \"message\": \"조성표님께서 해당 할일의 팀을 Backend에서 QA(으)로 변경했습니다.\\n할일의 담당자가 조성표님에서 조성표님으로 변경되었습니다.\"}','1231231231237','2021-11-11 07:26:30'),('8850752315697','{\"after\": \"1672006118693\", \"before\": \"0612049467026\", \"writer\": \"\", \"message\": \"해당 할일의 팀이 QA에서 Backend(으)로 변경되었습니다.\"}','0605106083805','2021-11-18 14:48:14'),('8858770413557','{\"after\": \"접수\", \"before\": \"진행\", \"writer\": \"조용일\", \"message\": \"조용일님께서 상태를 진행에서 접수(으)로 변경했습니다.\"}','1231231231235','2021-11-11 02:19:49'),('8898761692407','{\"after\": \"최광진\", \"before\": \"최광진\", \"writer\": \"최광진\", \"message\": \"최광진님께서 해당 할일의 팀을 최준오에서 최광진(으)로 변경했습니다.\\n할일의 담당자가 최광진님에서 최광진님으로 변경되었습니다.\"}','1128168460949','2021-11-15 01:08:51'),('8917578790637','{\"after\": \"New\", \"before\": \"접수\", \"writer\": \"조용일\", \"message\": \"조용일님께서 상태를 접수에서 New(으)로 변경했습니다.\"}','3004817931969','2021-11-16 01:03:58'),('8968942570477','{\"after\": \"0481585671078\", \"before\": \"1231231231231\", \"writer\": \"조용일\", \"message\": \"조용일님께서 해당 할일의 팀을 Frontend에서 테스트(으)로 변경했습니다.\"}','4611964838058','2021-11-16 07:55:45'),('8991361422708','{\"after\": \"1231231231231\", \"before\": \"2342342342342\", \"writer\": \"\", \"message\": \"해당 할일의 팀이 Backend에서 Frontend(으)로 변경되었습니다.\"}','1231231231234','2021-11-16 08:14:09'),('9007401542357','{\"after\": \"New\", \"before\": \"완료\", \"writer\": \"최광진\", \"message\": \"최광진님께서 상태를 완료에서 New(으)로 변경했습니다.\"}','9521983104088','2021-11-17 13:31:43'),('9007563533989','{\"after\": \"2342342342342\", \"before\": \"1231231231231\", \"writer\": \"\", \"message\": \"해당 할일의 팀이 Frontend에서 Backend(으)로 변경되었습니다.\"}','1231231231234','2021-11-16 08:14:23'),('9013805844165','{\"after\": \"최신입\", \"before\": \"\", \"writer\": \"\", \"message\": \"해당 할일의 팀이 Backend에서 디자인(으)로 변경되었습니다.\\n할일의 담당자가 최신입님으로 변경되었습니다.\"}','1306190276890','2021-11-17 07:39:05'),('9083247365610','{\"after\": \"1231231231231\", \"before\": \"4534534534534\", \"writer\": \"최광진\", \"message\": \"최광진님께서 해당 할일의 팀을 QA에서 Frontend(으)로 변경했습니다.\"}','1231231231234','2021-11-16 07:50:41'),('9095274333188','{\"after\": \"진행\", \"before\": \"접수\", \"writer\": \"조성표\", \"message\": \"조성표님께서 상태를 접수에서 진행(으)로 변경했습니다.\"}','4407241190477','2021-11-15 08:18:45'),('9098517629461','{\"after\": \"0480048658369\", \"before\": \"1672006118693\", \"writer\": \"조용일\", \"message\": \"조용일님께서 해당 할일의 팀을 Backend에서 디자인(으)로 변경했습니다.\"}','1306190276890','2021-11-17 06:45:44'),('9125163113445','{\"after\": \"진행\", \"before\": \"접수\", \"writer\": \"최광진\", \"message\": \"최광진님께서 상태를 접수에서 진행(으)로 변경했습니다.\"}','1231231231234','2021-11-11 04:42:53'),('9138061353616','{\"after\": \"진행\", \"before\": \"접수\", \"writer\": \"조성표\", \"message\": \"조성표님께서 상태를 접수에서 진행(으)로 변경했습니다.\"}','4407241190477','2021-11-15 08:18:47'),('9155360084894','{\"after\": \"조성표\", \"before\": \"조성표\", \"writer\": \"조성표\", \"message\": \"조성표님께서 해당 할일의 팀을 QA에서 Backend(으)로 변경했습니다.\\n할일의 담당자가 조성표님에서 조성표님으로 변경되었습니다.\"}','1231231231237','2021-11-11 07:28:19'),('9193406435916','{\"after\": \"조성표\", \"before\": \"조성표\", \"writer\": \"조성표\", \"message\": \"조성표님께서 해당 할일의 팀을 Backend에서 QA(으)로 변경했습니다.\\n할일의 담당자가 조성표님에서 조성표님으로 변경되었습니다.\"}','1231231231237','2021-11-11 06:36:06'),('9322811842141','{\"after\": \"접수\", \"before\": \"완료\", \"writer\": \"최광진\", \"message\": \"최광진님께서 상태를 완료에서 접수(으)로 변경했습니다.\"}','1231231231236','2021-11-11 02:31:20'),('9332423761848','{\"after\": \"조성표\", \"before\": \"조용일\", \"writer\": \"조용일\", \"message\": \"조용일님께서 해당 할일의 팀을 조용일에서 조성표(으)로 변경했습니다.\\n할일의 담당자가 조용일님에서 조성표님으로 변경되었습니다.\"}','0725144027761','2021-11-12 06:37:28'),('9344344110150','{\"after\": \"최준오\", \"before\": \"최준오\", \"writer\": \"최준오\", \"message\": \"최준오님께서 해당 할일의 팀을 QA에서 Backend(으)로 변경했습니다.\\n할일의 담당자가 최준오님에서 최준오님으로 변경되었습니다.\"}','1231231231232','2021-11-09 08:56:59'),('9373737686580','{\"after\": \"완료\", \"before\": \"접수\", \"writer\": \"조용일\", \"message\": \"조용일님께서 상태를 접수에서 완료(으)로 변경했습니다.\"}','4849271755335','2021-11-15 08:36:50'),('9374140444098','{\"message\": \"필터이(가) 생성되었습니다.\"}','0833441522181','2021-11-17 07:19:55'),('9444757248471','{\"after\": \"조용일\", \"before\": \"조용일\", \"writer\": \"조용일\", \"message\": \"조용일님께서 해당 할일의 팀을 제발되어라에서 Frontend(으)로 변경했습니다.\\n할일의 담당자가 조용일님에서 조용일님으로 변경되었습니다.\"}','1231231231233','2021-11-10 08:41:00'),('9457150721848','{\"after\": \"완료\", \"before\": \"접수\", \"writer\": \"조용일\", \"message\": \"조용일님께서 상태를 접수에서 완료(으)로 변경했습니다.\"}','4611964838058','2021-11-16 07:52:58'),('9459573225733','{\"after\": \"조용일\", \"before\": \"\", \"message\": \"할일의 담당자가 조용일님으로 변경되었습니다.\"}','0605106083805','2021-11-18 14:48:18'),('9509794055412','{\"after\": \"접수\", \"before\": \"진행\", \"writer\": \"조용일\", \"message\": \"조용일님께서 상태를 진행에서 접수(으)로 변경했습니다.\"}','1231231231235','2021-11-11 02:21:16'),('9533855508352','{\"after\": \"진행\", \"before\": \"접수\", \"writer\": \"조성표\", \"message\": \"조성표님께서 상태를 접수에서 진행(으)로 변경했습니다.\"}','3356277371571','2021-11-14 07:23:50'),('9534726694229','{\"message\": \"Stomp 적용이(가) 생성되었습니다.\"}','3583624108515','2021-11-17 07:19:27'),('9555321419590','{\"after\": \"진행\", \"before\": \"완료\", \"writer\": \"최광진\", \"message\": \"최광진님께서 상태를 완료에서 진행(으)로 변경했습니다.\"}','1822011319614','2021-11-17 13:31:39'),('9560164418578','{\"after\": \"0481585671078\", \"before\": \"1231231231231\", \"writer\": \"\", \"message\": \"해당 할일의 팀이 Frontend에서 테스트(으)로 변경되었습니다.\"}','4611964838058','2021-11-16 09:21:35'),('9577829329184','{\"after\": \"완료\", \"before\": \"진행\", \"writer\": \"최준오\", \"message\": \"최준오님께서 상태를 진행에서 완료(으)로 변경했습니다.\"}','1108039986951','2021-11-15 08:27:41'),('9607238844240','{\"after\": \"조성표\", \"before\": \"조성표\", \"writer\": \"조성표\", \"message\": \"조성표님께서 해당 할일의 팀을 QA에서 Backend(으)로 변경했습니다.\\n할일의 담당자가 조성표님에서 조성표님으로 변경되었습니다.\"}','1231231231237','2021-11-11 07:26:37'),('9609908760601','{\"after\": \"0480048658369\", \"before\": \"1672006118693\", \"writer\": \"최광진\", \"message\": \"최광진님께서 해당 할일의 팀을 Backend에서 디자인(으)로 변경했습니다.\"}','1306190276890','2021-11-17 07:38:18'),('9614066984449','{\"after\": \"조용일\", \"before\": \"조용일\", \"writer\": \"조용일\", \"message\": \"조용일님께서 해당 할일의 팀을 Backend에서 Frontend(으)로 변경했습니다.\\n할일의 담당자가 조용일님에서 조용일님으로 변경되었습니다.\"}','1231231231235','2021-11-11 06:37:46'),('9625453605331','{\"after\": \"완료\", \"before\": \"접수\", \"writer\": \"최광진\", \"message\": \"최광진님께서 상태를 접수에서 완료(으)로 변경했습니다.\"}','1128168460949','2021-11-15 01:13:42'),('9627075220514','{\"message\": \"상세 추가 히스토리 내용 수정이(가) 생성되었습니다.\"}','7116670400763','2021-11-15 07:06:09'),('9632617896772','{\"message\": \"상세 페이지 이미지 오류 해결이(가) 생성되었습니다.\"}','1108039986951','2021-11-15 07:05:55'),('9632922088804','{\"message\": \"Team Move Modal이(가) 생성되었습니다.\"}','8093188283936','2021-11-17 06:44:31'),('9638852276335','{\"after\": \"진행\", \"before\": \"접수\", \"writer\": \"조성표\", \"message\": \"조성표님께서 상태를 접수에서 진행(으)로 변경했습니다.\"}','1231231231234','2021-11-16 07:51:42'),('9644991259702','{\"after\": \"조용일\", \"before\": \"\", \"message\": \"할일의 담당자가 조용일님으로 변경되었습니다.\"}','3004817931969','2021-11-16 01:04:17'),('9666110536542','{\"after\": \"완료\", \"before\": \"접수\", \"writer\": \"최광진\", \"message\": \"최광진님께서 상태를 접수에서 완료(으)로 변경했습니다.\"}','3297208093431','2021-11-16 08:06:54'),('9750486673096','{\"after\": \"완료\", \"before\": \"접수\", \"writer\": \"조용일\", \"message\": \"조용일님께서 상태를 접수에서 완료(으)로 변경했습니다.\"}','9123310445076','2021-11-16 04:31:52'),('9758376726785','{\"after\": \"완료\", \"before\": \"진행\", \"writer\": \"조용일\", \"message\": \"조용일님께서 상태를 진행에서 완료(으)로 변경했습니다.\"}','9548989564537','2021-11-16 04:31:39'),('9773835096445','{\"message\": \"팀 페이지 필터 및 즐겨찾기 적용이(가) 생성되었습니다.\"}','2738905279381','2021-11-13 14:56:01'),('9780844698938','{\"after\": \"조용일\", \"before\": \"최신입\", \"writer\": \"최신입\", \"message\": \"최신입님께서 해당 할일의 팀을 디자인에서 Backend(으)로 변경했습니다.\\n할일의 담당자가 최신입님에서 조용일님으로 변경되었습니다.\"}','8002087527736','2021-11-17 07:53:19'),('9799077800959','{\"after\": \"New\", \"before\": \"접수\", \"writer\": \"최광진\", \"message\": \"최광진님께서 상태를 접수에서 New(으)로 변경했습니다.\"}','3004817931969','2021-11-16 01:04:30'),('9831916699052','{\"after\": \"조용일\", \"before\": \"조용일\", \"writer\": \"조용일\", \"message\": \"조용일님께서 해당 할일의 팀을 Frontend에서 제발되어라(으)로 변경했습니다.\\n할일의 담당자가 조용일님에서 조용일님으로 변경되었습니다.\"}','1231231231233','2021-11-10 08:40:40'),('9844888694067','{\"after\": \"진행\", \"before\": \"접수\", \"writer\": \"조용일\", \"message\": \"조용일님께서 상태를 접수에서 진행(으)로 변경했습니다.\"}','1231231231233','2021-11-11 02:24:19'),('9866571194721','{\"after\": \"접수\", \"before\": \"진행\", \"writer\": \"최준오\", \"message\": \"최준오님께서 상태를 진행에서 접수(으)로 변경했습니다.\"}','1108039986951','2021-11-15 08:30:46'),('9870654919347','{\"after\": \"조용일\", \"before\": \"조용일\", \"writer\": \"조용일\", \"message\": \"조용일님께서 해당 할일의 팀을 Backend에서 Frontend(으)로 변경했습니다.\\n할일의 담당자가 조용일님에서 조용일님으로 변경되었습니다.\"}','1231231231233','2021-11-09 08:46:51'),('9939250293099','{\"message\": \"상세 페이지에서 New로 변경 시 기능 테스트이(가) 생성되었습니다.\"}','9123310445076','2021-11-15 06:55:30'),('9957053953898','{\"after\": \"진행\", \"before\": \"접수\", \"writer\": \"조용일\", \"message\": \"조용일님께서 상태를 접수에서 진행(으)로 변경했습니다.\"}','2428484212645','2021-11-15 05:12:12'),('9977436386268','{\"message\": \"할일 추가 테스트2이(가) 생성되었습니다.\"}','7938841411644','2021-11-11 02:35:06');
/*!40000 ALTER TABLE `todo_record` ENABLE KEYS */;
UNLOCK TABLES;

--
-- Table structure for table `todo_url`
--

DROP TABLE IF EXISTS `todo_url`;
/*!40101 SET @saved_cs_client     = @@character_set_client */;
/*!50503 SET character_set_client = utf8mb4 */;
CREATE TABLE `todo_url` (
  `id` varchar(13) COLLATE utf8mb4_unicode_ci NOT NULL,
  `url` varchar(1000) COLLATE utf8mb4_unicode_ci NOT NULL,
  `todo_content_id` varchar(13) COLLATE utf8mb4_unicode_ci NOT NULL,
  `reg_date` datetime DEFAULT CURRENT_TIMESTAMP,
  PRIMARY KEY (`id`),
  KEY `fk_todo_url_todo_content1_idx` (`todo_content_id`),
  CONSTRAINT `fk_todo_url_todo_content1` FOREIGN KEY (`todo_content_id`) REFERENCES `todo_content` (`id`)
) ENGINE=InnoDB DEFAULT CHARSET=utf8mb4 COLLATE=utf8mb4_unicode_ci;
/*!40101 SET character_set_client = @saved_cs_client */;

--
-- Dumping data for table `todo_url`
--

LOCK TABLES `todo_url` WRITE;
/*!40000 ALTER TABLE `todo_url` DISABLE KEYS */;
INSERT INTO `todo_url` VALUES ('0548983135363','https://www.google.com','7756723073834','2021-11-11 14:28:29'),('2165776320794','https://jira.ssafy.com/browse/S05P31F001-202','1981363619331','2021-11-17 14:24:30'),('4438977910439','[ssafy](https://edu.ssafy.com)','8823074347311','2021-11-17 14:25:10'),('5175035873295','[My Todo Design](https://www.figma.com/proto/xIE6D1VuM5My1MrUsrL6Mw/naver?node-id=40%3A605&scaling=scale-down&page-id=0%3A1&starting-point-node-id=4%3A6&show-proto-sidebar=1)','6500838800373','2021-11-17 15:49:03'),('5249012451094','[네이버](http://www.naver.com)','9134569163269','2021-11-10 11:27:44'),('5307279082404','[My Todo Design](https://www.figma.com/proto/xIE6D1VuM5My1MrUsrL6Mw/naver?node-id=40%3A605&scaling=scale-down&page-id=0%3A1&starting-point-node-id=4%3A6&show-proto-sidebar=1)','9794409094659','2021-11-17 16:43:30'),('6027918565764','[내 정보 페이지 와이어 프레임](https://www.figma.com/proto/xIE6D1VuM5My1MrUsrL6Mw/naver?node-id=73%3A2&scaling=scale-down&page-id=0%3A1&starting-point-node-id=4%3A6&show-proto-sidebar=1)','0170688734553','2021-11-15 14:57:36'),('6922328699019','[네이버](http://www.naver.com)','4418380975675','2021-11-11 16:08:27'),('8835941350414','https://jira.ssafy.com/browse/S05P31F001-205','2148290050392','2021-11-16 13:59:59'),('9792490848687','https://jira.ssafy.com/browse/S05P31F001-180','6193151052225','2021-11-14 14:00:48');
/*!40000 ALTER TABLE `todo_url` ENABLE KEYS */;
UNLOCK TABLES;
/*!40103 SET TIME_ZONE=@OLD_TIME_ZONE */;

/*!40101 SET SQL_MODE=@OLD_SQL_MODE */;
/*!40014 SET FOREIGN_KEY_CHECKS=@OLD_FOREIGN_KEY_CHECKS */;
/*!40014 SET UNIQUE_CHECKS=@OLD_UNIQUE_CHECKS */;
/*!40101 SET CHARACTER_SET_CLIENT=@OLD_CHARACTER_SET_CLIENT */;
/*!40101 SET CHARACTER_SET_RESULTS=@OLD_CHARACTER_SET_RESULTS */;
/*!40101 SET COLLATION_CONNECTION=@OLD_COLLATION_CONNECTION */;
/*!40111 SET SQL_NOTES=@OLD_SQL_NOTES */;

-- Dump completed on 2021-11-18 15:19:22
